,polymer_name,smiles,molar_volume,density,solubility_parameter,molar_cohesive_energy,glass_transition_temperature,molar_heat_capacity,entanglement_molecular_weight,refraction_index,thermal_expansion_coefficient,repeat_unit_weight,waals_volume,inchi
0,Poly(acrylamide),OC(=N)C=C,54.6,1.3,,,438.0,,,1.45,,,,"InChI=1S/C3H5NO/c1-2-3(4)5/h2H,1H2,(H2,4,5)"
1,Poly(N-isopropyl acrylamide),C=CC(=O)NC(C)C,107.8,1.05,23.1,57300.0,403.0,,,1.5,,,,"InChI=1S/C6H11NO/c1-4-6(8)7-5(2)3/h4-5H,1H2,2-3H3,(H,7,8)"
2,Poly(N-octyl acrylamide),CCCCCCCCNC(=O)C=C,183.5,1.0,21.8,87000.0,220.0,,,,,,,"InChI=1S/C11H21NO/c1-3-5-6-7-8-9-10-12-11(13)4-2/h4H,2-3,5-10H2,1H3,(H,12,13)"
3,Poly(N-tert-butyl acrylamide),C=CC(=O)NC(C)(C)C,123.0,1.03,23.0,65200.0,401.0,,,,,,,"InChI=1S/C7H13NO/c1-5-6(9)8-7(2,3)4/h5H,1H2,2-4H3,(H,8,9)"
4,Poly(N-phenylacrylamide),C=CC(=O)Nc1ccccc1,128.5,1.15,24.9,79800.0,,,,,,,,"InChI=1S/C9H9NO/c1-2-9(11)10-8-6-4-3-5-7-8/h2-7H,1H2,(H,10,11)"
5,Poly(N-sec-butylacrylamide),C=CC(=O)NC(C)CC,,,,,390.0,,,,,,,"InChI=1S/C7H13NO/c1-4-6(3)8-7(9)5-2/h5-6H,2,4H2,1,3H3,(H,8,9)"
6,Poly(acrylic acid),OC(=O)C=C,51.1,1.41,,,374.0,,,1.51,,,,"InChI=1S/C3H4O2/c1-2-3(4)5/h2H,1H2,(H,4,5)"
7,Poly(benzyl acrylate),C=CC(=O)OCc1ccccc1,140.9,1.15,19.5,51700.0,282.0,,,1.57,,,,"InChI=1S/C10H10O2/c1-2-10(11)12-8-9-6-4-3-5-7-9/h2-7H,1,8H2"
8,Poly(butyl acrylate),CCCCOC(=O)C=C,118.7,1.08,18.5,40400.0,220.0,231.0,,1.47,,,,"InChI=1S/C7H12O2/c1-3-5-6-9-7(8)4-2/h4H,2-3,5-6H2,1H3"
9,Poly(4-chlorophenyl acrylate),C=CC(=O)Oc1ccc(cc1)Cl,140.0,1.05,19.6,53900.0,331.0,,,,,,,"InChI=1S/C9H7ClO2/c1-2-9(11)12-8-5-3-7(10)4-6-8/h2-6H,1H2"
10,Poly(2-cyanoethyl acrylate),C=CC(=O)OCCC#N,89.2,1.4,28.4,80100.0,277.0,,,,,,,"InChI=1S/C6H7NO2/c1-2-6(8)9-5-3-4-7/h2H,1,3,5H2"
11,Poly(cyanomethyl acrylate),C=CC(=O)OCC#N,82.1,1.35,26.3,56600.0,296.0,,,,,,,"InChI=1S/C5H5NO2/c1-2-5(7)8-4-3-6/h2H,1,4H2"
12,Poly(cyclohexyl acrylate),C=CC(=O)OC1CCCCC1,142.7,1.08,,,289.0,,,,,,,"InChI=1S/C9H14O2/c1-2-9(10)11-8-6-4-3-5-7-8/h2,8H,1,3-7H2"
13,Poly(ethyl acrylate),CCOC(=O)C=C,89.4,1.12,19.1,32800.0,250.0,180.0,8200.0,1.47,,,,"InChI=1S/C5H8O2/c1-3-5(6)7-4-2/h3H,1,4H2,2H3"
14,Poly(2-ethylhexyl acrylate),CCCCC(COC(=O)C=C)CC,191.8,0.96,18.5,65300.0,221.0,,,,,,,"InChI=1S/C11H20O2/c1-4-7-8-10(5-2)9-13-11(12)6-3/h6,10H,3-5,7-9H2,1-2H3"
15,Poly(hexyl acrylate),CCCCCCOC(=O)C=C,,,,,215.0,,,,,,,"InChI=1S/C9H16O2/c1-3-5-6-7-8-11-9(10)4-2/h4H,2-3,5-8H2,1H3"
16,Poly(isobutyl acrylate),C=CC(=O)OCC(C)C,119.3,1.07,18.2,39400.0,240.0,231.0,,,,,,"InChI=1S/C7H12O2/c1-4-7(8)9-5-6(2)3/h4,6H,1,5H2,2-3H3"
17,Poly(isopropyl acrylate),CC(C)OC(=O)C=C,,,,,271.0,,,1.47,,,,"InChI=1S/C6H10O2/c1-4-6(7)8-5(2)3/h4-5H,1H2,2-3H3"
18,Poly(methyl acrylate),COC(=O)C=C,70.4,1.22,20.0,28200.0,280.0,,10000.0,1.48,,,,"InChI=1S/C4H6O2/c1-3-4(5)6-2/h3H,1H2,2H3"
19,Poly(n-octyl acrylate),CCCCCCCCOC(=O)C=C,,,,,,,15200.0,1.46,,,,"InChI=1S/C11H20O2/c1-3-5-6-7-8-9-10-13-11(12)4-2/h4H,2-3,5-10H2,1H3"
20,Poly(propyl acrylate),CCCOC(=O)C=C,103.1,1.11,18.7,35900.0,231.0,,,,,,,"InChI=1S/C6H10O2/c1-3-5-8-6(7)4-2/h4H,2-3,5H2,1H3"
21,Poly(sec-butyl acrylate),CC(OC(=O)C=C)CC,122.1,1.05,,,253.0,,,,,,,"InChI=1S/C7H12O2/c1-4-6(3)9-7(8)5-2/h5-6H,2,4H2,1,3H3"
22,Poly(octadecyl acrylate),CCCCCCCCCCCCCCCCCCCCCCCCCCOC(=O)C=C,,,,,311.0,,,,,,,"InChI=1S/C29H56O2/c1-3-5-6-7-8-9-10-11-12-13-14-15-16-17-18-19-20-21-22-23-24-25-26-27-28-31-29(30)4-2/h4H,2-3,5-28H2,1H3"
23,Poly(tert-butyl acrylate),C=CC(=O)OC(C)(C)C,128.2,1.0,,,311.0,,,,,,,"InChI=1S/C7H12O2/c1-5-6(8)9-7(2,3)4/h5H,1H2,2-4H3"
24,Poly(tetrafluoropropyl acrylate),FC(F)C(F)(F)COC(=O)C(=C),,1.52,,,249.0,,,,,,,"InChI=1S/C6H6F4O2/c1-2-4(11)12-3-6(9,10)5(7)8/h2,5H,1,3H2"
25,Poly(acrylonitrile),C=CC#N,44.8,1.18,26.2,30700.0,383.0,69.0,3100.0,1.51,,,,"InChI=1S/C3H3N/c1-2-3-4/h2H,1H2"
26,Poly(methacrylonitrile),CC(=C)C#N,60.2,1.11,22.9,31600.0,388.0,,,1.56,,,,"InChI=1S/C4H5N/c1-4(2)3-5/h1H2,2H3"
27,Nylon 3,C1CNC1=O,,,,,384.0,,,,,,,"InChI=1S/C3H5NO/c5-3-1-2-4-3/h1-2H2,(H,4,5)"
28,Nylon 6,O=C1CCCCCN1,104.4,1.08,25.5,67600.0,324.0,166.0,2500.0,1.53,,,,"InChI=1S/C6H11NO/c8-6-4-2-1-3-5-7-6/h1-5H2,(H,7,8)"
29,Nylon 8,O=C1CCCCCCCN1,135.9,1.04,24.5,82700.0,324.0,,,,,,,"InChI=1S/C8H15NO/c10-8-6-4-2-1-3-5-7-9-8/h1-7H2,(H,9,10)"
30,Nylon 12,NCCCCCCCCCC(=O)O,,,,,315.0,,,,,,,"InChI=1S/C10H21NO2/c11-9-7-5-3-1-2-4-6-8-10(12)13/h1-9,11H2,(H,12,13)"
31,Nylon 11,NCCCCCCCCCCC(=O)O,180.1,1.02,,,,,,,,,,"InChI=1S/C11H23NO2/c12-10-8-6-4-2-1-3-5-7-9-11(13)14/h1-10,12H2,(H,13,14)"
32,Nylon 12,NCCCCCCCCCCCC(=O)O,197.3,1.0,,,313.0,,,1.53,,,,"InChI=1S/C12H25NO2/c13-11-9-7-5-3-1-2-4-6-8-10-12(14)15/h1-11,13H2,(H,14,15)"
33,Nylon 6-6,NCCCCCCN.OC(=O)CCCCC(=O)O,209.9,1.08,26.0,143100.0,324.0,328.0,2000.0,1.53,,,,"InChI=1S/C6H16N2.C6H10O4/c7-5-3-1-2-4-6-8;7-5(8)3-1-2-4-6(9)10/h1-8H2;1-4H2,(H,7,8)(H,9,10)"
34,Nylon 6-9,OC(=O)CCCCCCCC(=O)O.NCCCCCCN,249.0,1.08,,,332.0,,,,,,,"InChI=1S/C9H16O4.C6H16N2/c10-8(11)6-4-2-1-3-5-7-9(12)13;7-5-3-1-2-4-6-8/h1-7H2,(H,10,11)(H,12,13);1-8H2"
35,Nylon 6-10,OC(=O)CCCCCCCCC(=O)O.NCCCCCCN,271.5,1.04,,,323.0,448.5,,1.54,,,,"InChI=1S/C10H18O4.C6H16N2/c11-9(12)7-5-3-1-2-4-6-8-10(13)14;7-5-3-1-2-4-6-8/h1-8H2,(H,11,12)(H,13,14);1-8H2"
36,Nylon 6-12,NCCCCCCN.OC(=O)CCCCCCCCCCC(=O)O,292.9,1.06,,,319.0,482.0,,1.53,,,,"InChI=1S/C12H22O4.C6H16N2/c13-11(14)9-7-5-3-1-2-4-6-8-10-12(15)16;7-5-3-1-2-4-6-8/h1-10H2,(H,13,14)(H,15,16);1-8H2"
37,Nylon 10-10,OC(=O)CCCCCCCCC(=O)O.NCCCCCCCCCCN,329.0,1.03,,,323.0,,,,,,,"InChI=1S/C10H24N2.C10H18O4/c11-9-7-5-3-1-2-4-6-8-10-12;11-9(12)7-5-3-1-2-4-6-8-10(13)14/h1-12H2;1-8H2,(H,11,12)(H,13,14)"
38,PA 6T,NCCCCCCN.ClC(=O)c1ccc(cc1)C(=O)Cl,,,,,412.0,,,1.58,,,,InChI=1S/C8H4Cl2O2.C6H16N2/c9-7(11)5-1-2-6(4-3-5)8(10)12;7-5-3-1-2-4-6-8/h1-4H;1-8H2
39,Kevlar,Nc1ccc(cc1)N.ClC(=O)c1ccc(cc1)C(=O)Cl,,,26.0,127700.0,600.0,,,,,,,"InChI=1S/C8H4Cl2O2.C6H8N2/c9-7(11)5-1-2-6(4-3-5)8(10)12;7-5-1-2-6(8)4-3-5/h1-4H;1-4H,7-8H2"
40,Poly(m-phenylene terephthalamide),Nc1cc(ccc1)N.ClC(=O)c1cc(ccc1)C(=O)Cl,175.9,1.36,,,537.0,,,,,,,"InChI=1S/C8H4Cl2O2.C6H8N2/c9-7(11)5-2-1-3-6(4-5)8(10)12;7-5-2-1-3-6(8)4-5/h1-4H;1-4H,7-8H2"
41,PA 9T,NCCCCCCCCCN.ClC(=O)c1ccc(cc1)C(=O)Cl,,,,,394.0,,,,,,,InChI=1S/C9H22N2.C8H4Cl2O2/c10-8-6-4-2-1-3-5-7-9-11;9-7(11)5-1-2-6(4-3-5)8(10)12/h1-11H2;1-4H
42,Poly(butylene adipate),OC(=O)CCCCC(=O)O.OCCCCO,179.0,1.12,,,202.0,394.0,,,,,,"InChI=1S/C6H10O4.C4H10O2/c7-5(8)3-1-2-4-6(9)10;5-3-1-2-4-6/h1-4H2,(H,7,8)(H,9,10);5-6H,1-4H2"
43,Poly(ethylene adipate),OC(=O)CCCCC(=O)O.OCCO,141.0,1.22,19.8,,230.0,,,,,,,"InChI=1S/C6H10O4.C2H6O2/c7-5(8)3-1-2-4-6(9)10;3-1-2-4/h1-4H2,(H,7,8)(H,9,10);3-4H,1-2H2"
44,Poly(propylene adipate),OC(=O)CCCCC(=O)O.OCCCO,,,,,,,,,,,,"InChI=1S/C6H10O4.C3H8O2/c7-5(8)3-1-2-4-6(9)10;4-2-1-3-5/h1-4H2,(H,7,8)(H,9,10);4-5H,1-3H2"
45,Poly(butylene),CCC=C,65.2,0.859,,,245.0,118.0,12300.0,1.5,,,,"InChI=1S/C4H8/c1-3-4-2/h3H,1,4H2,2H3"
46,Poly(butyl ethylene),CCCCC=C,97.3,0.86,,,,,,,,,,"InChI=1S/C6H12/c1-3-5-6-4-2/h3H,1,4-6H2,2H3"
47,Poly(cyclohexylethylene),C=CC1CCCCC1,117.9,0.94,16.9,33100.0,400.0,,44000.0,,,,,"InChI=1S/C8H14/c1-2-8-6-4-3-5-7-8/h2,8H,1,3-7H2"
48,Poly(ethylene),C=C,32.9,0.85,16.7,9200.0,,63.0,1150.0,1.48,,,,InChI=1S/C2H4/c1-2/h1-2H2
49,Polynonene,CCCCCCCC=C,,,,,,,,,,,,"InChI=1S/C9H18/c1-3-5-7-9-8-6-4-2/h3H,1,4-9H2,2H3"
50,Poly(octene),CCCCCCC=C,,,,,218.0,,,,,,,"InChI=1S/C8H16/c1-3-5-7-8-6-4-2/h3H,1,4-8H2,2H3"
51,Poly(isobutene),CC(=C)C,63.8,0.88,15.8,16300.0,202.0,110.0,7950.0,1.51,,,,"InChI=1S/C4H8/c1-4(2)3/h1H2,2-3H3"
52,Poly(isobutylethylene),C=CCC(C)C,100.7,0.84,14.5,21200.0,302.0,,,1.46,,,,"InChI=1S/C6H12/c1-4-5-6(2)3/h4,6H,1,5H2,2-3H3"
53,Poly(isopropylethylene),C=CC(C)C,78.1,0.9,17.8,24600.0,323.0,,,,,,,"InChI=1S/C5H10/c1-4-5(2)3/h4-5H,1H2,2-3H3"
54,Poly(butyl ethylene),C=C(C)CC,,,,,,,,,,,,"InChI=1S/C5H10/c1-4-5(2)3/h2,4H2,1,3H3"
55,Polydecene,CCCCCCCCC=C,,,,,,,,,,,,"InChI=1S/C10H20/c1-3-5-7-9-10-8-6-4-2/h3H,1,4-10H2,2H3"
56,Poly(1-heptene),CCCCCC=C,,,,,231.0,,,,,,,"InChI=1S/C7H14/c1-3-5-7-6-4-2/h3H,1,4-7H2,2H3"
57,Poly(propylene),CC=C,48.8,0.86,16.2,12800.0,264.0,89.5,4650.0,1.47,,,,"InChI=1S/C3H6/c1-3-2/h3H,1H2,2H3"
58,Polypentene,CCCC=C,,,,,238.0,143.1,,,,,,"InChI=1S/C5H10/c1-3-5-4-2/h3H,1,4-5H2,2H3"
59,Poly(tert-butylethylene),C=CC(C)(C)C,,,,,337.0,,,,,,,"InChI=1S/C6H12/c1-5-6(2,3)4/h5H,1H2,2-4H3"
60,"Poly(1,4-phenylene sulfide)",Clc1ccc(cc1)Cl.[Na]S[Na],80.1,1.33,,,363.0,110.0,,,,,,InChI=1S/C6H4Cl2.2Na.S/c7-5-1-2-6(8)4-3-5;;;/h1-4H;;;
61,Poly(ethylene sulfide),ClCCCl.[Na]S[Na],46.4,1.3,18.9,16700.0,223.0,,,,,,,InChI=1S/C2H4Cl2.2Na.S/c3-1-2-4;;;/h1-2H2;;;
62,Poly(propylene sulfide),ClCC(C)Cl.[Na]S[Na],68.2,1.08,17.9,21900.0,227.0,,,1.6,,,,"InChI=1S/C3H6Cl2.2Na.S/c1-3(5)2-4;;;/h3H,2H2,1H3;;;"
63,Polyacetal,C=O,24.5,1.23,21.1,10900.0,211.0,61.0,2550.0,1.495,,,,InChI=1S/CH2O/c1-2/h1H2
64,Poly(3-butoxypropylene oxide),CCCCOCC1CO1,133.0,,,,,,,,,,,"InChI=1S/C7H14O2/c1-2-3-4-8-5-7-6-9-7/h7H,2-6H2,1H3"
65,Poly(epichlorohydrin),ClCC1CO1,68.9,1.34,19.7,26800.0,253.0,,,,,,,"InChI=1S/C3H5ClO/c4-1-3-2-5-3/h3H,1-2H2"
66,Poly(ethylene glycol),O1CC1,39.0,1.13,20.4,16200.0,,91.0,2000.0,1.46,,,,InChI=1S/C2H4O/c1-2-3-1/h1-2H2
67,Poly(hexamethylene glycol),C1CCCCOC1,,,,,,,,,,,,InChI=1S/C6H12O/c1-2-4-6-7-5-3-1/h1-6H2
68,Poly(glycidyl methyl ether),COCC1CO1,80.5,,,,,,,,,,,"InChI=1S/C4H8O2/c1-5-2-4-3-6-4/h4H,2-3H2,1H3"
69,Poly[oxy(hexyloxymethyl)ethylene],CCCCCCOCC1CO1,,,,,189.0,,,,,,,"InChI=1S/C9H18O2/c1-2-3-4-5-6-10-7-9-8-11-9/h9H,2-8H2,1H3"
70,Poly(oxymethylene-oxyethylene),C1COCO1,,,,,,,,,,,,InChI=1S/C3H6O2/c1-2-5-3-4-1/h1-3H2
71,Poly(oxymethylene-oxytetramethylene),,,,,,,,,,,,,
72,Poly(propylene glycol),CC1CO1,57.9,1.0,17.3,17200.0,203.0,111.5,,1.45,,,,"InChI=1S/C3H6O/c1-3-2-4-3/h3H,2H2,1H3"
73,Poly(tetrahydrofuran),C1CCCO1,73.7,0.98,17.5,22600.0,189.0,148.0,,1.48,,,,InChI=1S/C4H8O/c1-2-4-5-3-1/h1-4H2
74,Poly(trimethylene glycol),C1CCO1,,,,,197.0,,,,,,,InChI=1S/C3H6O/c1-2-4-3-1/h1-3H2
75,"Poly[1,1-bis(chloromethyl)trimethylene oxide]",C1C(CO1)(CCl)CCl,,,,,272.0,,,,,,,InChI=1S/C5H8Cl2O/c6-1-5(2-7)3-8-4-5/h1-4H2
76,Poly(butyl chloroacrylate,CCCCOC(=O)C(=C)Cl,,,,,,,,,,,,"InChI=1S/C7H11ClO2/c1-3-4-5-10-7(9)6(2)8/h2-5H2,1H3"
77,Poly(ethyl chloroacrylate,CCOC(=O)C(=C)Cl,,,,,,,,,,,,"InChI=1S/C5H7ClO2/c1-3-8-5(7)4(2)6/h2-3H2,1H3"
78,Poly(propyl chloroacrylate,CCCOC(=O)C(=C)Cl,,,,,,,,,,,,"InChI=1S/C6H9ClO2/c1-3-4-9-6(8)5(2)7/h2-4H2,1H3"
79,Nylon 3,C1CNC1=O,,,,,384.0,,,,,,,"InChI=1S/C3H5NO/c5-3-1-2-4-3/h1-2H2,(H,4,5)"
80,Nylon 6,O=C1CCCCCN1,104.4,1.08,25.5,67600.0,324.0,166.0,2500.0,1.53,,,,"InChI=1S/C6H11NO/c8-6-4-2-1-3-5-7-6/h1-5H2,(H,7,8)"
81,Nylon 8,O=C1CCCCCCCN1,135.9,1.04,24.5,82700.0,324.0,,,,,,,"InChI=1S/C8H15NO/c10-8-6-4-2-1-3-5-7-9-8/h1-7H2,(H,9,10)"
82,Nylon 12,NCCCCCCCCCC(=O)O,,,,,315.0,,,,,,,"InChI=1S/C10H21NO2/c11-9-7-5-3-1-2-4-6-8-10(12)13/h1-9,11H2,(H,12,13)"
83,Nylon 11,NCCCCCCCCCCC(=O)O,180.1,1.02,,,,,,,,,,"InChI=1S/C11H23NO2/c12-10-8-6-4-2-1-3-5-7-9-11(13)14/h1-10,12H2,(H,13,14)"
84,Nylon 12,NCCCCCCCCCCCC(=O)O,197.3,1.0,,,313.0,,,1.53,,,,"InChI=1S/C12H25NO2/c13-11-9-7-5-3-1-2-4-6-8-10-12(14)15/h1-11,13H2,(H,14,15)"
85,Nylon 6-6,NCCCCCCN.OC(=O)CCCCC(=O)O,209.9,1.08,26.0,143100.0,324.0,328.0,2000.0,1.53,,,,"InChI=1S/C6H16N2.C6H10O4/c7-5-3-1-2-4-6-8;7-5(8)3-1-2-4-6(9)10/h1-8H2;1-4H2,(H,7,8)(H,9,10)"
86,Nylon 6-9,OC(=O)CCCCCCCC(=O)O.NCCCCCCN,249.0,1.08,,,332.0,,,,,,,"InChI=1S/C9H16O4.C6H16N2/c10-8(11)6-4-2-1-3-5-7-9(12)13;7-5-3-1-2-4-6-8/h1-7H2,(H,10,11)(H,12,13);1-8H2"
87,Nylon 6-10,OC(=O)CCCCCCCCC(=O)O.NCCCCCCN,271.5,1.04,,,323.0,448.5,,1.54,,,,"InChI=1S/C10H18O4.C6H16N2/c11-9(12)7-5-3-1-2-4-6-8-10(13)14;7-5-3-1-2-4-6-8/h1-8H2,(H,11,12)(H,13,14);1-8H2"
88,Nylon 6-12,NCCCCCCN.OC(=O)CCCCCCCCCCC(=O)O,292.9,1.06,,,319.0,482.0,,1.53,,,,"InChI=1S/C12H22O4.C6H16N2/c13-11(14)9-7-5-3-1-2-4-6-8-10-12(15)16;7-5-3-1-2-4-6-8/h1-10H2,(H,13,14)(H,15,16);1-8H2"
89,Nylon 10-10,OC(=O)CCCCCCCCC(=O)O.NCCCCCCCCCCN,329.0,1.03,,,323.0,,,,,,,"InChI=1S/C10H24N2.C10H18O4/c11-9-7-5-3-1-2-4-6-8-10-12;11-9(12)7-5-3-1-2-4-6-8-10(13)14/h1-12H2;1-8H2,(H,11,12)(H,13,14)"
90,PA 6T,NCCCCCCN.ClC(=O)c1ccc(cc1)C(=O)Cl,,,,,412.0,,,1.58,,,,InChI=1S/C8H4Cl2O2.C6H16N2/c9-7(11)5-1-2-6(4-3-5)8(10)12;7-5-3-1-2-4-6-8/h1-4H;1-8H2
91,Kevlar,Nc1ccc(cc1)N.ClC(=O)c1ccc(cc1)C(=O)Cl,,,26.0,127700.0,600.0,,,,,,,"InChI=1S/C8H4Cl2O2.C6H8N2/c9-7(11)5-1-2-6(4-3-5)8(10)12;7-5-1-2-6(8)4-3-5/h1-4H;1-4H,7-8H2"
92,Poly(m-phenylene terephthalamide),Nc1cc(ccc1)N.ClC(=O)c1cc(ccc1)C(=O)Cl,175.9,1.36,,,537.0,,,,,,,"InChI=1S/C8H4Cl2O2.C6H8N2/c9-7(11)5-2-1-3-6(4-5)8(10)12;7-5-2-1-3-6(8)4-5/h1-4H;1-4H,7-8H2"
93,PA 9T,NCCCCCCCCCN.ClC(=O)c1ccc(cc1)C(=O)Cl,,,,,394.0,,,,,,,InChI=1S/C9H22N2.C8H4Cl2O2/c10-8-6-4-2-1-3-5-7-9-11;9-7(11)5-1-2-6(4-3-5)8(10)12/h1-11H2;1-4H
94,"Poly(4,4'-pentamethylenedibenzoic anhydride)",OC(=O)c1ccc(cc1)CCCCCc1ccc(cc1)C(=O)O.CC(=O)OC(=O)C,,,,,320.0,,,,,,,"InChI=1S/C19H20O4.C4H6O3/c20-18(21)16-10-6-14(7-11-16)4-2-1-3-5-15-8-12-17(13-9-15)19(22)23;1-3(5)7-4(2)6/h6-13H,1-5H2,(H,20,21)(H,22,23);1-2H3"
95,Poly(p-tetramethylenedibenzoic anhydride),OC(=O)c1ccc(cc1)CCCCc1ccc(cc1)C(=O)O.CC(=O)OC(=O)C,221.4,1.27,,,316.0,,,,,,,"InChI=1S/C18H18O4.C4H6O3/c19-17(20)15-9-5-13(6-10-15)3-1-2-4-14-7-11-16(12-8-14)18(21)22;1-3(5)7-4(2)6/h5-12H,1-4H2,(H,19,20)(H,21,22);1-2H3"
96,Poly(sebacic anhydride),OC(=O)CCCCCCCCC(=O)O.CC(=O)OC(=O)C,184.2,1.0,,,,,,,,,,"InChI=1S/C10H18O4.C4H6O3/c11-9(12)7-5-3-1-2-4-6-8-10(13)14;1-3(5)7-4(2)6/h1-8H2,(H,11,12)(H,13,14);1-2H3"
97,Poly(azelaic anhydride),OC(=O)CCCCCCCC(=O)O.CC(=O)OC(=O)C,150.5,1.13,,,,,,,,,,"InChI=1S/C9H16O4.C4H6O3/c10-8(11)6-4-2-1-3-5-7-9(12)13;1-3(5)7-4(2)6/h1-7H2,(H,10,11)(H,12,13);1-2H3"
98,Nylon 3,C1CNC1=O,,,,,384.0,,,,,,,"InChI=1S/C3H5NO/c5-3-1-2-4-3/h1-2H2,(H,4,5)"
99,Nylon 6,O=C1CCCCCN1,104.4,1.08,25.5,67600.0,324.0,166.0,2500.0,1.53,,,,"InChI=1S/C6H11NO/c8-6-4-2-1-3-5-7-6/h1-5H2,(H,7,8)"
100,Nylon 8,O=C1CCCCCCCN1,135.9,1.04,24.5,82700.0,324.0,,,,,,,"InChI=1S/C8H15NO/c10-8-6-4-2-1-3-5-7-9-8/h1-7H2,(H,9,10)"
101,Nylon 12,NCCCCCCCCCC(=O)O,,,,,315.0,,,,,,,"InChI=1S/C10H21NO2/c11-9-7-5-3-1-2-4-6-8-10(12)13/h1-9,11H2,(H,12,13)"
102,Nylon 11,NCCCCCCCCCCC(=O)O,180.1,1.02,,,,,,,,,,"InChI=1S/C11H23NO2/c12-10-8-6-4-2-1-3-5-7-9-11(13)14/h1-10,12H2,(H,13,14)"
103,Nylon 12,NCCCCCCCCCCCC(=O)O,197.3,1.0,,,313.0,,,1.53,,,,"InChI=1S/C12H25NO2/c13-11-9-7-5-3-1-2-4-6-8-10-12(14)15/h1-11,13H2,(H,14,15)"
104,Nylon 6-6,NCCCCCCN.OC(=O)CCCCC(=O)O,209.9,1.08,26.0,143100.0,324.0,328.0,2000.0,1.53,,,,"InChI=1S/C6H16N2.C6H10O4/c7-5-3-1-2-4-6-8;7-5(8)3-1-2-4-6(9)10/h1-8H2;1-4H2,(H,7,8)(H,9,10)"
105,Nylon 6-9,OC(=O)CCCCCCCC(=O)O.NCCCCCCN,249.0,1.08,,,332.0,,,,,,,"InChI=1S/C9H16O4.C6H16N2/c10-8(11)6-4-2-1-3-5-7-9(12)13;7-5-3-1-2-4-6-8/h1-7H2,(H,10,11)(H,12,13);1-8H2"
106,Nylon 6-10,OC(=O)CCCCCCCCC(=O)O.NCCCCCCN,271.5,1.04,,,323.0,448.5,,1.54,,,,"InChI=1S/C10H18O4.C6H16N2/c11-9(12)7-5-3-1-2-4-6-8-10(13)14;7-5-3-1-2-4-6-8/h1-8H2,(H,11,12)(H,13,14);1-8H2"
107,Nylon 6-12,NCCCCCCN.OC(=O)CCCCCCCCCCC(=O)O,292.9,1.06,,,319.0,482.0,,1.53,,,,"InChI=1S/C12H22O4.C6H16N2/c13-11(14)9-7-5-3-1-2-4-6-8-10-12(15)16;7-5-3-1-2-4-6-8/h1-10H2,(H,13,14)(H,15,16);1-8H2"
108,Nylon 10-10,OC(=O)CCCCCCCCC(=O)O.NCCCCCCCCCCN,329.0,1.03,,,323.0,,,,,,,"InChI=1S/C10H24N2.C10H18O4/c11-9-7-5-3-1-2-4-6-8-10-12;11-9(12)7-5-3-1-2-4-6-8-10(13)14/h1-12H2;1-8H2,(H,11,12)(H,13,14)"
109,PA 6T,NCCCCCCN.ClC(=O)c1ccc(cc1)C(=O)Cl,,,,,412.0,,,1.58,,,,InChI=1S/C8H4Cl2O2.C6H16N2/c9-7(11)5-1-2-6(4-3-5)8(10)12;7-5-3-1-2-4-6-8/h1-4H;1-8H2
110,Kevlar,Nc1ccc(cc1)N.ClC(=O)c1ccc(cc1)C(=O)Cl,,,26.0,127700.0,600.0,,,,,,,"InChI=1S/C8H4Cl2O2.C6H8N2/c9-7(11)5-1-2-6(4-3-5)8(10)12;7-5-1-2-6(8)4-3-5/h1-4H;1-4H,7-8H2"
111,Poly(m-phenylene terephthalamide),Nc1cc(ccc1)N.ClC(=O)c1cc(ccc1)C(=O)Cl,175.9,1.36,,,537.0,,,,,,,"InChI=1S/C8H4Cl2O2.C6H8N2/c9-7(11)5-2-1-3-6(4-5)8(10)12;7-5-2-1-3-6(8)4-5/h1-4H;1-4H,7-8H2"
112,PA 9T,NCCCCCCCCCN.ClC(=O)c1ccc(cc1)C(=O)Cl,,,,,394.0,,,,,,,InChI=1S/C9H22N2.C8H4Cl2O2/c10-8-6-4-2-1-3-5-7-9-11;9-7(11)5-1-2-6(4-3-5)8(10)12/h1-11H2;1-4H
113,Poly(bisphenol A isophthalate),OC(=O)c1cc(ccc1)C(=O)O.Oc1ccc(cc1)C(C)(C)c2ccc(cc2)O,,,,,462.0,,2450.0,,,,,"InChI=1S/C15H16O2.C8H6O4/c1-15(2,11-3-7-13(16)8-4-11)12-5-9-14(17)10-6-12;9-7(10)5-2-1-3-6(4-5)8(11)12/h3-10,16-17H,1-2H3;1-4H,(H,9,10)(H,11,12)"
114,Poly(Bisphenol A terephthalate),OC(=O)c1ccc(cc1)C(=O)O.Oc1ccc(cc1)C(C)(C)c2ccc(cc2)O,,,,,472.0,,1395.0,,,,,"InChI=1S/C15H16O2.C8H6O4/c1-15(2,11-3-7-13(16)8-4-11)12-5-9-14(17)10-6-12;9-7(10)5-1-2-6(4-3-5)8(11)12/h3-10,16-17H,1-2H3;1-4H,(H,9,10)(H,11,12)"
115,Poly(butylene adipate),OC(=O)CCCCC(=O)O.OCCCCO,179.0,1.12,,,202.0,394.0,,,,,,"InChI=1S/C6H10O4.C4H10O2/c7-5(8)3-1-2-4-6(9)10;5-3-1-2-4-6/h1-4H2,(H,7,8)(H,9,10);5-6H,1-4H2"
116,Poly(butylene isophthalate),OC(=O)c1cccc(c1)C(=O)O.OCCCCO,,,,,297.0,,,,,,,"InChI=1S/C8H6O4.C4H10O2/c9-7(10)5-2-1-3-6(4-5)8(11)12;5-3-1-2-4-6/h1-4H,(H,9,10)(H,11,12);5-6H,1-4H2"
117,Poly(butylene sebacate),OC(=O)CCCCCCCCC(=O)O.OCCCCO,,,,,214.0,,,,,,,"InChI=1S/C10H18O4.C4H10O2/c11-9(12)7-5-3-1-2-4-6-8-10(13)14;5-3-1-2-4-6/h1-8H2,(H,11,12)(H,13,14);5-6H,1-4H2"
118,Poly(butylene sebacate),OC(=O)CCC(=O)O.OCCCCO,,,,,237.0,,,,,,,"InChI=1S/C4H6O4.C4H10O2/c5-3(6)1-2-4(7)8;5-3-1-2-4-6/h1-2H2,(H,5,6)(H,7,8);5-6H,1-4H2"
119,Poly[(tetramethylene terephthalate),OC(=O)c1ccc(cc1)C(=O)O.OCCCCO,175.5,1.26,22.4,87700.0,313.0,268.0,,,,,,"InChI=1S/C8H6O4.C4H10O2/c9-7(10)5-1-2-6(4-3-5)8(11)12;5-3-1-2-4-6/h1-4H,(H,9,10)(H,11,12);5-6H,1-4H2"
120,Poly(ethylene sebacate),OC(=O)CCCCCCCCC(=O)O.OCCO,,,,,244.0,449.0,,,,,,"InChI=1S/C10H18O4.C2H6O2/c11-9(12)7-5-3-1-2-4-6-8-10(13)14;3-1-2-4/h1-8H2,(H,11,12)(H,13,14);3-4H,1-2H2"
121,Poly(ethylene succinate),OC(=O)CCC(=O)O.OCCO,,,,,267.0,,,1.47,,,,"InChI=1S/C4H6O4.C2H6O2/c5-3(6)1-2-4(7)8;3-1-2-4/h1-2H2,(H,5,6)(H,7,8);3-4H,1-2H2"
122,Poly(caprolactone),O=C1CCCCCO1,102.3,1.12,19.2,37350.0,208.0,207.0,,1.46,,,,InChI=1S/C6H10O2/c7-6-4-2-1-3-5-8-6/h1-5H2
123,PCT,OC(=O)c1ccc(cc1)C(=O)O.OCC1CCC(CC1)CO,229.5,1.2,,,364.0,,,,,,,"InChI=1S/C8H6O4.C8H16O2/c9-7(10)5-1-2-6(4-3-5)8(11)12;9-5-7-1-2-8(6-10)4-3-7/h1-4H,(H,9,10)(H,11,12);7-10H,1-6H2"
124,Poly(ethylene adipate),OC(=O)CCCCC(=O)O.OCCO,141.0,1.22,19.8,,230.0,,,,,,,"InChI=1S/C6H10O4.C2H6O2/c7-5(8)3-1-2-4-6(9)10;3-1-2-4/h1-4H2,(H,7,8)(H,9,10);3-4H,1-2H2"
125,Poly(ethylene isophthalate),OC(=O)c1cccc(c1)C(=O)O.OCCO,144.0,1.335,23.3,77800.0,324.0,,4950.0,,,,,"InChI=1S/C8H6O4.C2H6O2/c9-7(10)5-2-1-3-6(4-5)8(11)12;3-1-2-4/h1-4H,(H,9,10)(H,11,12);3-4H,1-2H2"
126,Poly(ethylene naphthalate) ,OC(=O)c1ccc2c(c1)ccc(c2)C(=O)O.OCCO,179.0,1.35,,,392.0,,,,,,,"InChI=1S/C12H8O4.C2H6O2/c13-11(14)9-3-1-7-5-10(12(15)16)4-2-8(7)6-9;3-1-2-4/h1-6H,(H,13,14)(H,15,16);3-4H,1-2H2"
127,Poly(ethylene phthalate) ,OC(=O)c1ccccc1C(=O)O.OCCO,143.6,1.34,,,297.0,,,,,,,"InChI=1S/C8H6O4.C2H6O2/c9-7(10)5-3-1-2-4-6(5)8(11)12;3-1-2-4/h1-4H,(H,9,10)(H,11,12);3-4H,1-2H2"
128,Poly(ethylene terephthalate),OC(=O)c1ccc(cc1)C(=O)O.OCCO,144.0,1.34,21.2,64800.0,344.0,219.0,1700.0,1.58,,,,"InChI=1S/C8H6O4.C2H6O2/c9-7(10)5-1-2-6(4-3-5)8(11)12;3-1-2-4/h1-4H,(H,9,10)(H,11,12);3-4H,1-2H2"
129,Polyglycolide,O=C1OCC(=O)OC1,38.3,1.52,23.1,20500.0,312.0,112.0,,1.51,,,,InChI=1S/C4H4O4/c5-3-1-7-4(6)2-8-3/h1-2H2
130,Poly(hexyylene sebacate),OC(=O)CCCCCCCCC(=O)O.OCCCCCCO,,,,,,,,,,,,"InChI=1S/C10H18O4.C6H14O2/c11-9(12)7-5-3-1-2-4-6-8-10(13)14;7-5-3-1-2-4-6-8/h1-8H2,(H,11,12)(H,13,14);7-8H,1-6H2"
131,Poly(hexylene succinate),OC(=O)CCC(=O)O.OCCCCCCO,,,,,220.0,,,,,,,"InChI=1S/C6H14O2.C4H6O4/c7-5-3-1-2-4-6-8;5-3(6)1-2-4(7)8/h7-8H,1-6H2;1-2H2,(H,5,6)(H,7,8)"
132,Polyhydroxybutyrate,CC1CC(=O)O1,70.7,1.22,19.2,,276.0,,,,,,,"InChI=1S/C4H6O2/c1-3-2-4(5)6-3/h3H,2H2,1H3"
134,Polylactic acid,OC(=O)C(O)C,57.2,1.26,20.2,23300.0,332.0,99.0,8700.0,1.47,,,,"InChI=1S/C3H6O3/c1-2(4)3(5)6/h2,4H,1H3,(H,5,6)"
135,Poly(propylene adipate),OC(=O)CCCCC(=O)O.OCCCO,,,,,,,,,,,,"InChI=1S/C6H10O4.C3H8O2/c7-5(8)3-1-2-4-6(9)10;4-2-1-3-5/h1-4H2,(H,7,8)(H,9,10);4-5H,1-3H2"
136,Poly(propylene sebacate),OC(=O)CCC(=O)O.OCCCO,,,,,,,,,,,,"InChI=1S/C4H6O4.C3H8O2/c5-3(6)1-2-4(7)8;4-2-1-3-5/h1-2H2,(H,5,6)(H,7,8);4-5H,1-3H2"
137,Poly(trimethylene terephthalate),OC(=O)c1ccc(cc1)C(=O)O.OCCCO,153.9,1.34,,,327.0,,,,,,,"InChI=1S/C8H6O4.C3H8O2/c9-7(10)5-1-2-6(4-3-5)8(11)12;4-2-1-3-5/h1-4H,(H,9,10)(H,11,12);4-5H,1-3H2"
138,Poly(ether ketone),[O-]C(=O)[O-].[Na+].[Na+].O=C(c1ccc(cc1)Cl)c1ccc(cc1)Cl,155.2,,23.0,81700.0,431.0,,,,,,,"InChI=1S/C13H8Cl2O.CH2O3.2Na/c14-11-5-1-9(2-6-11)13(16)10-3-7-12(15)8-4-10;2-1(3)4;;/h1-8H;(H2,2,3,4);;/q;;2*+1/p-2"
139,Poly(ether ketone ketone),c1cc(ccc1C(=O)Cl)C(=O)Cl.c1ccc(cc1)Oc2ccccc2,236.0,1.28,,,437.0,300.0,,,,,,InChI=1S/C12H10O.C8H4Cl2O2/c1-3-7-11(8-4-1)13-12-9-5-2-6-10-12;9-7(11)5-1-2-6(4-3-5)8(10)12/h1-10H;1-4H
140,Poly(ether ether ketone),[Na]Oc1ccc(cc1)O[Na].O=C(c1ccc(cc1)Cl)c1ccc(cc1)Cl,228.1,1.26,21.9,109400.0,421.0,320.0,1350.0,1.67,,,,"InChI=1S/C13H8Cl2O.C6H6O2.2Na/c14-11-5-1-9(2-6-11)13(16)10-3-7-12(15)8-4-10;7-5-1-2-6(8)4-3-5;;/h1-8H;1-4,7-8H;;/q;;2*+1/p-2"
141,Poly(ethyleneketone),C=C.[C-]#[O+],45.2,1.24,,,291.0,,,,,,,InChI=1S/C2H4.CO/c2*1-2/h1-2H2;
142,Poly(propyleneketone),CC=C.[C-]#[O+],55.6,1.26,,,312.0,,,,,,,"InChI=1S/C3H6.CO/c1-3-2;1-2/h3H,1H2,2H3;"
143,Poly(4-bromostyrene),C=Cc1ccc(cc1)Br,119.0,0.87,19.7,46000.0,411.0,140.0,30000.0,,,,,"InChI=1S/C8H7Br/c1-2-7-3-5-8(9)6-4-7/h2-6H,1H2"
144,Poly(2-chlorostyrene),C=Cc1ccccc1Cl,114.0,1.22,19.0,41200.0,395.0,,,1.6,,,,"InChI=1S/C8H7Cl/c1-2-7-5-3-4-6-8(7)9/h2-6H,1H2"
145,Poly(4-chlorostyrene),C=Cc1ccc(cc1)Cl,112.6,1.23,19.2,41700.0,398.0,141.0,,,,,,"InChI=1S/C8H7Cl/c1-2-7-3-5-8(9)6-4-7/h2-6H,1H2"
146,"Poly(2,5-difluorostyrene)",C=Cc1cc(F)ccc1F,106.0,0.96,17.7,33100.0,374.0,,,,,,,"InChI=1S/C8H6F2/c1-2-6-5-7(9)3-4-8(6)10/h2-5H,1H2"
147,Poly(4-fluorostyrene),C=Cc1ccc(cc1)F,102.0,1.2,18.8,36000.0,376.0,117.0,,,,,,"InChI=1S/C8H7F/c1-2-7-3-5-8(9)6-4-7/h2-6H,1H2"
148,"Poly(1,2-butadiene)",C=CC=C,59.3,0.91,17.3,17800.0,268.0,,3700.0,1.5,,,,"InChI=1S/C4H6/c1-3-4-2/h3-4H,1-2H2"
149,"Poly(1,4-butadiene)",C=CC=C,59.7,,17.0,17300.0,171.0,101.0,2600.0,1.53,,,,"InChI=1S/C4H6/c1-3-4-2/h3-4H,1-2H2"
150,Poly(1-pentenylene),C1CC=CC1,76.0,,,,178.0,,,,,,,"InChI=1S/C5H8/c1-2-4-5-3-1/h1-2H,3-5H2"
151,"Poly(1-ethyl-1,4-butadiene)",CCC=CC=C,92.2,,,,,,7400.0,,,,,"InChI=1S/C6H10/c1-3-5-6-4-2/h3,5-6H,1,4H2,2H3"
152,Polyisoprene,CC=CC=C,,0.91,16.5,20600.0,,,4800.0,,,,,"InChI=1S/C5H8/c1-3-5-4-2/h3-5H,1H2,2H3"
153,"Poly(1,4-pentadiene)",C=CCC=C,76.5,0.89,,,,,,,,,,"InChI=1S/C5H8/c1-3-5-4-2/h3-4H,1-2,5H2"
154,Poly(1-pentenylene),C1CC=CC1,76.0,,,,178.0,,,,,,,"InChI=1S/C5H8/c1-2-4-5-3-1/h1-2H,3-5H2"
155,Poly(dimethyl fumarate),COC(=O)/C=C/C(=O)OC,115.5,1.25,19.9,45600.0,373.0,,,,,,,"InChI=1S/C6H8O4/c1-9-5(7)3-4-6(8)10-2/h3-4H,1-2H3/b4-3+"
156,Poly(dibutylfumarate),CCCCOC(=O)/C=C/C(=O)OCCCC,,,,,,,,,,,,"InChI=1S/C12H20O4/c1-3-5-9-15-11(13)7-8-12(14)16-10-6-4-2/h7-8H,3-6,9-10H2,1-2H3/b8-7+"
157,Poly(diethyl fumarate),CCOC(=O)/C=C/C(=O)OCC,145.5,1.18,18.6,48300.0,284.0,,,1.48,,,,"InChI=1S/C8H12O4/c1-3-11-7(9)5-6-8(10)12-4-2/h5-6H,3-4H2,1-2H3/b6-5+"
158,Poly(diproylfumarate),CCCOC(=O)/C=C/C(=O)OCCC,165.7,1.21,,,259.0,,,,,,,"InChI=1S/C10H16O4/c1-3-7-13-9(11)5-6-10(12)14-8-4-2/h5-6H,3-4,7-8H2,1-2H3/b6-5+"
159,Poly(bisphenol A carbonate),CC(c1ccc(cc1)O)(c1ccc(cc1)O)C.ClC(=O)Cl,210.2,1.21,20.4,87700.0,430.0,305.0,2500.0,1.59,,,,"InChI=1S/C15H16O2.CCl2O/c1-15(2,11-3-7-13(16)8-4-11)12-5-9-14(17)10-6-12;2-1(3)4/h3-10,16-17H,1-2H3;"
160,"Poly(4,4'-thiodiphenylene carbonate)",Oc1ccc(cc1)Sc1ccc(cc1)O.ClC(=O)Cl,180.2,1.36,,,386.0,,,,,,,"InChI=1S/C12H10O2S.CCl2O/c13-9-1-5-11(6-2-9)15-12-7-3-10(14)4-8-12;2-1(3)4/h1-8,13-14H;"
161,Poly(bisphenol B carbonate),CCC(c1ccc(cc1)O)(c1ccc(cc1)O)C.ClC(=O)Cl,227.4,1.18,,,415.0,,,1.58,,,,"InChI=1S/C16H18O2.CCl2O/c1-3-16(2,12-4-8-14(17)9-5-12)13-6-10-15(18)11-7-13;2-1(3)4/h4-11,17-18H,3H2,1-2H3;"
162,Cpoly(bisphenol F carbonate),Oc1ccc(cc1)Cc1ccc(cc1)O.ClC(=O)Cl,182.4,1.24,,,407.0,,,,,,,"InChI=1S/C13H12O2.CCl2O/c14-12-5-1-10(2-6-12)9-11-3-7-13(15)8-4-11;2-1(3)4/h1-8,14-15H,9H2;"
163,Poly(ethylene carbonate),O=C=O.C1CO1,,,,,290.0,,,,,,,InChI=1S/C2H4O.CO2/c1-2-3-1;2-1-3/h1-2H2;
164,Poly(propylene carbonate),O=C=O.CC1CO1,,,,,310.0,,,,,,,"InChI=1S/C3H6O.CO2/c1-3-2-4-3;2-1-3/h3H,2H2,1H3;"
165,"Poly(2,6,3',5'-tetrachloro bisphenol A carbonate)",CC(c1cc(Cl)c(c(c1)Cl)O)(c1cc(Cl)c(c(c1)Cl)O)C.ClC(=O)Cl,,,,,500.0,,,1.6,,,,"InChI=1S/C15H12Cl4O2.CCl2O/c1-15(2,7-3-9(16)13(20)10(17)4-7)8-5-11(18)14(21)12(19)6-8;2-1(3)4/h3-6,20-21H,1-2H3;"
166,Poly(tetramethyl bisphenol A carbonate),Oc1c(C)cc(cc1C)C(c1cc(C)c(c(c1)C)O)(C)C.ClC(=O)Cl,,,,,,,3420.0,,,,,"InChI=1S/C19H24O2.CCl2O/c1-11-7-15(8-12(2)17(11)20)19(5,6)16-9-13(3)18(21)14(4)10-16;2-1(3)4/h7-10,20-21H,1-6H3;"
170,Polychlorotrifluoroethylene,FC(=C(F)F)Cl,58.3,2.0,16.0,15500.0,360.0,101.1,,1.42,,,,InChI=1S/C2ClF3/c3-1(4)2(5)6
171,Poly(tetrafluoroethylene),FC(=C(F)F)F,47.9,2.12,12.3,7500.0,,,4650.0,1.36,,,,InChI=1S/C2F4/c3-1(4)2(5)6
172,Poly(vinyl bromide),BrC=C,50.2,2.13,19.4,18800.0,373.0,,,,,,,"InChI=1S/C2H3Br/c1-2-3/h2H,1H2"
173,Poly(vinyl chloride),ClC=C,45.2,1.38,19.6,17300.0,,62.0,5400.0,1.53,,,,"InChI=1S/C2H3Cl/c1-2-3/h2H,1H2"
174,Poly(vinyl fluoride),FC=C,34.4,1.34,15.7,8500.0,,,,1.46,,,,"InChI=1S/C2H3F/c1-2-3/h2H,1H2"
175,Poly(vinylidene chloride),ClC(=C)Cl,56.6,1.71,20.6,24600.0,,130.0,,1.62,,,,InChI=1S/C2H2Cl2/c1-2(3)4/h1H2
176,Poly(vinylidene fluoride),FC(=C)F,38.2,1.68,17.5,11800.0,242.0,83.0,2400.0,1.43,,,,InChI=1S/C2H2F2/c1-2(3)4/h1H2
177,Poly(butyl chloroacrylate,CCCCOC(=O)C(=C)Cl,,,,,,,,,,,,"InChI=1S/C7H11ClO2/c1-3-4-5-10-7(9)6(2)8/h2-5H2,1H3"
178,Poly(ethyl chloroacrylate,CCOC(=O)C(=C)Cl,,,,,,,,,,,,"InChI=1S/C5H7ClO2/c1-3-8-5(7)4(2)6/h2-3H2,1H3"
179,Poly(propyl chloroacrylate,CCCOC(=O)C(=C)Cl,,,,,,,,,,,,"InChI=1S/C6H9ClO2/c1-3-4-9-6(8)5(2)7/h2-4H2,1H3"
180,Polychloroprene,C=CC(=C)Cl,71.3,1.24,18.1,23300.0,237.0,,,1.56,,,,"InChI=1S/C4H5Cl/c1-3-4(2)5/h3H,1-2H2"
181,Poly(1-bromo-1-butenylene),BrC=CC=C,78.0,1.7,18.8,27400.0,233.0,,,,,,,"InChI=1S/C4H5Br/c1-2-3-4-5/h2-4H,1H2"
182,Poly(4-bromostyrene),C=Cc1ccc(cc1)Br,119.0,0.87,19.7,46000.0,411.0,140.0,30000.0,,,,,"InChI=1S/C8H7Br/c1-2-7-3-5-8(9)6-4-7/h2-6H,1H2"
183,Poly(2-chlorostyrene),C=Cc1ccccc1Cl,114.0,1.22,19.0,41200.0,395.0,,,1.6,,,,"InChI=1S/C8H7Cl/c1-2-7-5-3-4-6-8(7)9/h2-6H,1H2"
184,Poly(4-chlorostyrene),C=Cc1ccc(cc1)Cl,112.6,1.23,19.2,41700.0,398.0,141.0,,,,,,"InChI=1S/C8H7Cl/c1-2-7-3-5-8(9)6-4-7/h2-6H,1H2"
185,"Poly(2,5-difluorostyrene)",C=Cc1cc(F)ccc1F,106.0,0.96,17.7,33100.0,374.0,,,,,,,"InChI=1S/C8H6F2/c1-2-6-5-7(9)3-4-8(6)10/h2-5H,1H2"
186,Poly(4-fluorostyrene),C=Cc1ccc(cc1)F,102.0,1.2,18.8,36000.0,376.0,117.0,,,,,,"InChI=1S/C8H7F/c1-2-7-3-5-8(9)6-4-7/h2-6H,1H2"
187,Poly(methyl cyanoacrylate),COC(=O)C(=C)C#N,83.6,1.33,29.2,70000.0,436.0,,,1.49,,,,"InChI=1S/C5H5NO2/c1-4(3-6)5(7)8-2/h1H2,2H3"
188,Polycyanoacrylates,CCOC(=O)C(=C)C#N,,,23.5,,422.0,,,1.49,,,,"InChI=1S/C6H7NO2/c1-3-9-6(8)5(2)4-7/h2-3H2,1H3"
189,Poly(butyl cyanoacrylate),CCCCOC(=O)C(=C)C#N,,,22.0,,374.0,,,,,,,"InChI=1S/C8H11NO2/c1-3-4-5-11-8(10)7(2)6-9/h2-5H2,1H3"
190,Poly(hexyl cyanoacrylate),CCCCCCOC(=O)C(=C)C#N,,,,,,,,,,,,"InChI=1S/C10H15NO2/c1-3-4-5-6-7-13-10(12)9(2)8-11/h2-7H2,1H3"
191,Poly(octyl cyanoacrylate),CCCCCCCCOC(=O)C(=C)C#N,,,,,322.0,,,,,,,"InChI=1S/C12H19NO2/c1-3-4-5-6-7-8-9-15-12(14)11(2)10-13/h2-9H2,1H3"
192,"Poly(1,2-butadiene)",C=CC=C,59.3,0.91,17.3,17800.0,268.0,,3700.0,1.5,,,,"InChI=1S/C4H6/c1-3-4-2/h3-4H,1-2H2"
193,"Poly(1,4-butadiene)",C=CC=C,59.7,,17.0,17300.0,171.0,101.0,2600.0,1.53,,,,"InChI=1S/C4H6/c1-3-4-2/h3-4H,1-2H2"
194,Poly(1-pentenylene),C1CC=CC1,76.0,,,,178.0,,,,,,,"InChI=1S/C5H8/c1-2-4-5-3-1/h1-2H,3-5H2"
195,"Poly(1-ethyl-1,4-butadiene)",CCC=CC=C,92.2,,,,,,7400.0,,,,,"InChI=1S/C6H10/c1-3-5-6-4-2/h3,5-6H,1,4H2,2H3"
196,Polyisoprene,CC=CC=C,,0.91,16.5,20600.0,,,4800.0,,,,,"InChI=1S/C5H8/c1-3-5-4-2/h3-5H,1H2,2H3"
197,"Poly(1,4-pentadiene)",C=CCC=C,76.5,0.89,,,,,,,,,,"InChI=1S/C5H8/c1-3-5-4-2/h3-4H,1-2,5H2"
198,Poly(1-pentenylene),C1CC=CC1,76.0,,,,178.0,,,,,,,"InChI=1S/C5H8/c1-2-4-5-3-1/h1-2H,3-5H2"
199,DGEBA Epoxy Resin,CC(C)(c1ccc(cc1)O)c2ccc(cc2)O.C1C(O1)CCl,242.0,1.18,22.1,123000.0,372.0,,1600.0,1.598,,,,"InChI=1S/C15H16O2.C3H5ClO/c1-15(2,11-3-7-13(16)8-4-11)12-5-9-14(17)10-6-12;4-1-3-2-5-3/h3-10,16-17H,1-2H3;3H,1-2H2"
201,DGEBA/Edamine Epoxy,CC(c1ccc(cc1)OCC1OC1)(c1ccc(cc1)OCC1OC1)C.NCCN,,,22.4,176800.0,410.0,,,,,,,"InChI=1S/C21H24O4.C2H8N2/c1-21(2,15-3-7-17(8-4-15)22-11-19-13-24-19)16-5-9-18(10-6-16)23-12-20-14-25-20;3-1-2-4/h3-10,19-20H,11-14H2,1-2H3;1-4H2"
202,DGEBA/Hexamine Epoxy,CC(c1ccc(cc1)OCC1OC1)(c1ccc(cc1)OCC1OC1)C.NCCCCCCN,,,21.2,187000.0,386.0,,,,,,,"InChI=1S/C21H24O4.C6H16N2/c1-21(2,15-3-7-17(8-4-15)22-11-19-13-24-19)16-5-9-18(10-6-16)23-12-20-14-25-20;7-5-3-1-2-4-6-8/h3-10,19-20H,11-14H2,1-2H3;1-8H2"
203,DGEBA/Octanediamine Epoxy,CC(c1ccc(cc1)OCC1OC1)(c1ccc(cc1)OCC1OC1)C.NCCCCCCCCN,,,20.7,191600.0,376.0,,,,,,,"InChI=1S/C21H24O4.C8H20N2/c1-21(2,15-3-7-17(8-4-15)22-11-19-13-24-19)16-5-9-18(10-6-16)23-12-20-14-25-20;9-7-5-3-1-2-4-6-8-10/h3-10,19-20H,11-14H2,1-2H3;1-10H2"
204,DGEBA Epoxy Resin,CC(C)(c1ccc(cc1)O)c2ccc(cc2)O.C1C(O1)CCl,242.0,1.18,22.1,123000.0,372.0,,1600.0,1.598,,,,"InChI=1S/C15H16O2.C3H5ClO/c1-15(2,11-3-7-13(16)8-4-11)12-5-9-14(17)10-6-12;4-1-3-2-5-3/h3-10,16-17H,1-2H3;3H,1-2H2"
206,DGEBA/Edamine Epoxy,CC(c1ccc(cc1)OCC1OC1)(c1ccc(cc1)OCC1OC1)C.NCCN,,,22.4,176800.0,410.0,,,,,,,"InChI=1S/C21H24O4.C2H8N2/c1-21(2,15-3-7-17(8-4-15)22-11-19-13-24-19)16-5-9-18(10-6-16)23-12-20-14-25-20;3-1-2-4/h3-10,19-20H,11-14H2,1-2H3;1-4H2"
207,DGEBA/Hexamine Epoxy,CC(c1ccc(cc1)OCC1OC1)(c1ccc(cc1)OCC1OC1)C.NCCCCCCN,,,21.2,187000.0,386.0,,,,,,,"InChI=1S/C21H24O4.C6H16N2/c1-21(2,15-3-7-17(8-4-15)22-11-19-13-24-19)16-5-9-18(10-6-16)23-12-20-14-25-20;7-5-3-1-2-4-6-8/h3-10,19-20H,11-14H2,1-2H3;1-8H2"
208,DGEBA/Octanediamine Epoxy,CC(c1ccc(cc1)OCC1OC1)(c1ccc(cc1)OCC1OC1)C.NCCCCCCCCN,,,20.7,191600.0,376.0,,,,,,,"InChI=1S/C21H24O4.C8H20N2/c1-21(2,15-3-7-17(8-4-15)22-11-19-13-24-19)16-5-9-18(10-6-16)23-12-20-14-25-20;9-7-5-3-1-2-4-6-8-10/h3-10,19-20H,11-14H2,1-2H3;1-10H2"
209,Poly(bisphenol A isophthalate),OC(=O)c1cc(ccc1)C(=O)O.Oc1ccc(cc1)C(C)(C)c2ccc(cc2)O,,,,,462.0,,2450.0,,,,,"InChI=1S/C15H16O2.C8H6O4/c1-15(2,11-3-7-13(16)8-4-11)12-5-9-14(17)10-6-12;9-7(10)5-2-1-3-6(4-5)8(11)12/h3-10,16-17H,1-2H3;1-4H,(H,9,10)(H,11,12)"
210,Poly(Bisphenol A terephthalate),OC(=O)c1ccc(cc1)C(=O)O.Oc1ccc(cc1)C(C)(C)c2ccc(cc2)O,,,,,472.0,,1395.0,,,,,"InChI=1S/C15H16O2.C8H6O4/c1-15(2,11-3-7-13(16)8-4-11)12-5-9-14(17)10-6-12;9-7(10)5-1-2-6(4-3-5)8(11)12/h3-10,16-17H,1-2H3;1-4H,(H,9,10)(H,11,12)"
211,Poly(butylene adipate),OC(=O)CCCCC(=O)O.OCCCCO,179.0,1.12,,,202.0,394.0,,,,,,"InChI=1S/C6H10O4.C4H10O2/c7-5(8)3-1-2-4-6(9)10;5-3-1-2-4-6/h1-4H2,(H,7,8)(H,9,10);5-6H,1-4H2"
212,Poly(butylene isophthalate),OC(=O)c1cccc(c1)C(=O)O.OCCCCO,,,,,297.0,,,,,,,"InChI=1S/C8H6O4.C4H10O2/c9-7(10)5-2-1-3-6(4-5)8(11)12;5-3-1-2-4-6/h1-4H,(H,9,10)(H,11,12);5-6H,1-4H2"
213,Poly(butylene sebacate),OC(=O)CCCCCCCCC(=O)O.OCCCCO,,,,,214.0,,,,,,,"InChI=1S/C10H18O4.C4H10O2/c11-9(12)7-5-3-1-2-4-6-8-10(13)14;5-3-1-2-4-6/h1-8H2,(H,11,12)(H,13,14);5-6H,1-4H2"
214,Poly(butylene sebacate),OC(=O)CCC(=O)O.OCCCCO,,,,,237.0,,,,,,,"InChI=1S/C4H6O4.C4H10O2/c5-3(6)1-2-4(7)8;5-3-1-2-4-6/h1-2H2,(H,5,6)(H,7,8);5-6H,1-4H2"
215,Poly[(tetramethylene terephthalate),OC(=O)c1ccc(cc1)C(=O)O.OCCCCO,175.5,1.26,22.4,87700.0,313.0,268.0,,,,,,"InChI=1S/C8H6O4.C4H10O2/c9-7(10)5-1-2-6(4-3-5)8(11)12;5-3-1-2-4-6/h1-4H,(H,9,10)(H,11,12);5-6H,1-4H2"
216,Poly(ethylene sebacate),OC(=O)CCCCCCCCC(=O)O.OCCO,,,,,244.0,449.0,,,,,,"InChI=1S/C10H18O4.C2H6O2/c11-9(12)7-5-3-1-2-4-6-8-10(13)14;3-1-2-4/h1-8H2,(H,11,12)(H,13,14);3-4H,1-2H2"
217,Poly(ethylene succinate),OC(=O)CCC(=O)O.OCCO,,,,,267.0,,,1.47,,,,"InChI=1S/C4H6O4.C2H6O2/c5-3(6)1-2-4(7)8;3-1-2-4/h1-2H2,(H,5,6)(H,7,8);3-4H,1-2H2"
218,Poly(caprolactone),O=C1CCCCCO1,102.3,1.12,19.2,37350.0,208.0,207.0,,1.46,,,,InChI=1S/C6H10O2/c7-6-4-2-1-3-5-8-6/h1-5H2
219,PCT,OC(=O)c1ccc(cc1)C(=O)O.OCC1CCC(CC1)CO,229.5,1.2,,,364.0,,,,,,,"InChI=1S/C8H6O4.C8H16O2/c9-7(10)5-1-2-6(4-3-5)8(11)12;9-5-7-1-2-8(6-10)4-3-7/h1-4H,(H,9,10)(H,11,12);7-10H,1-6H2"
220,Poly(ethylene adipate),OC(=O)CCCCC(=O)O.OCCO,141.0,1.22,19.8,,230.0,,,,,,,"InChI=1S/C6H10O4.C2H6O2/c7-5(8)3-1-2-4-6(9)10;3-1-2-4/h1-4H2,(H,7,8)(H,9,10);3-4H,1-2H2"
221,Poly(ethylene isophthalate),OC(=O)c1cccc(c1)C(=O)O.OCCO,144.0,1.335,23.3,77800.0,324.0,,4950.0,,,,,"InChI=1S/C8H6O4.C2H6O2/c9-7(10)5-2-1-3-6(4-5)8(11)12;3-1-2-4/h1-4H,(H,9,10)(H,11,12);3-4H,1-2H2"
222,Poly(ethylene naphthalate) ,OC(=O)c1ccc2c(c1)ccc(c2)C(=O)O.OCCO,179.0,1.35,,,392.0,,,,,,,"InChI=1S/C12H8O4.C2H6O2/c13-11(14)9-3-1-7-5-10(12(15)16)4-2-8(7)6-9;3-1-2-4/h1-6H,(H,13,14)(H,15,16);3-4H,1-2H2"
223,Poly(ethylene phthalate) ,OC(=O)c1ccccc1C(=O)O.OCCO,143.6,1.34,,,297.0,,,,,,,"InChI=1S/C8H6O4.C2H6O2/c9-7(10)5-3-1-2-4-6(5)8(11)12;3-1-2-4/h1-4H,(H,9,10)(H,11,12);3-4H,1-2H2"
224,Poly(ethylene terephthalate),OC(=O)c1ccc(cc1)C(=O)O.OCCO,144.0,1.34,21.2,64800.0,344.0,219.0,1700.0,1.58,,,,"InChI=1S/C8H6O4.C2H6O2/c9-7(10)5-1-2-6(4-3-5)8(11)12;3-1-2-4/h1-4H,(H,9,10)(H,11,12);3-4H,1-2H2"
225,Polyglycolide,O=C1OCC(=O)OC1,38.3,1.52,23.1,20500.0,312.0,112.0,,1.51,,,,InChI=1S/C4H4O4/c5-3-1-7-4(6)2-8-3/h1-2H2
226,Poly(hexyylene sebacate),OC(=O)CCCCCCCCC(=O)O.OCCCCCCO,,,,,,,,,,,,"InChI=1S/C10H18O4.C6H14O2/c11-9(12)7-5-3-1-2-4-6-8-10(13)14;7-5-3-1-2-4-6-8/h1-8H2,(H,11,12)(H,13,14);7-8H,1-6H2"
227,Poly(hexylene succinate),OC(=O)CCC(=O)O.OCCCCCCO,,,,,220.0,,,,,,,"InChI=1S/C6H14O2.C4H6O4/c7-5-3-1-2-4-6-8;5-3(6)1-2-4(7)8/h7-8H,1-6H2;1-2H2,(H,5,6)(H,7,8)"
228,Polyhydroxybutyrate,CC1CC(=O)O1,70.7,1.22,19.2,,276.0,,,,,,,"InChI=1S/C4H6O2/c1-3-2-4(5)6-3/h3H,2H2,1H3"
230,Polylactic acid,OC(=O)C(O)C,57.2,1.26,20.2,23300.0,332.0,99.0,8700.0,1.47,,,,"InChI=1S/C3H6O3/c1-2(4)3(5)6/h2,4H,1H3,(H,5,6)"
231,Poly(propylene adipate),OC(=O)CCCCC(=O)O.OCCCO,,,,,,,,,,,,"InChI=1S/C6H10O4.C3H8O2/c7-5(8)3-1-2-4-6(9)10;4-2-1-3-5/h1-4H2,(H,7,8)(H,9,10);4-5H,1-3H2"
232,Poly(propylene sebacate),OC(=O)CCC(=O)O.OCCCO,,,,,,,,,,,,"InChI=1S/C4H6O4.C3H8O2/c5-3(6)1-2-4(7)8;4-2-1-3-5/h1-2H2,(H,5,6)(H,7,8);4-5H,1-3H2"
233,Poly(trimethylene terephthalate),OC(=O)c1ccc(cc1)C(=O)O.OCCCO,153.9,1.34,,,327.0,,,,,,,"InChI=1S/C8H6O4.C3H8O2/c9-7(10)5-1-2-6(4-3-5)8(11)12;4-2-1-3-5/h1-4H,(H,9,10)(H,11,12);4-5H,1-3H2"
234,Polyacetal,C=O,24.5,1.23,21.1,10900.0,211.0,61.0,2550.0,1.495,,,,InChI=1S/CH2O/c1-2/h1H2
235,Poly(3-butoxypropylene oxide),CCCCOCC1CO1,133.0,,,,,,,,,,,"InChI=1S/C7H14O2/c1-2-3-4-8-5-7-6-9-7/h7H,2-6H2,1H3"
236,Poly(epichlorohydrin),ClCC1CO1,68.9,1.34,19.7,26800.0,253.0,,,,,,,"InChI=1S/C3H5ClO/c4-1-3-2-5-3/h3H,1-2H2"
237,Poly(ethylene glycol),O1CC1,39.0,1.13,20.4,16200.0,,91.0,2000.0,1.46,,,,InChI=1S/C2H4O/c1-2-3-1/h1-2H2
238,Poly(hexamethylene glycol),C1CCCCOC1,,,,,,,,,,,,InChI=1S/C6H12O/c1-2-4-6-7-5-3-1/h1-6H2
239,Poly(glycidyl methyl ether),COCC1CO1,80.5,,,,,,,,,,,"InChI=1S/C4H8O2/c1-5-2-4-3-6-4/h4H,2-3H2,1H3"
240,Poly[oxy(hexyloxymethyl)ethylene],CCCCCCOCC1CO1,,,,,189.0,,,,,,,"InChI=1S/C9H18O2/c1-2-3-4-5-6-10-7-9-8-11-9/h9H,2-8H2,1H3"
241,Poly(oxymethylene-oxyethylene),C1COCO1,,,,,,,,,,,,InChI=1S/C3H6O2/c1-2-5-3-4-1/h1-3H2
242,Poly(oxymethylene-oxytetramethylene),,,,,,,,,,,,,
243,Poly(propylene glycol),CC1CO1,57.9,1.0,17.3,17200.0,203.0,111.5,,1.45,,,,"InChI=1S/C3H6O/c1-3-2-4-3/h3H,2H2,1H3"
244,Poly(tetrahydrofuran),C1CCCO1,73.7,0.98,17.5,22600.0,189.0,148.0,,1.48,,,,InChI=1S/C4H8O/c1-2-4-5-3-1/h1-4H2
245,Poly(trimethylene glycol),C1CCO1,,,,,197.0,,,,,,,InChI=1S/C3H6O/c1-2-4-3-1/h1-3H2
246,"Poly[1,1-bis(chloromethyl)trimethylene oxide]",C1C(CO1)(CCl)CCl,,,,,272.0,,,,,,,InChI=1S/C5H8Cl2O/c6-1-5(2-7)3-8-4-5/h1-4H2
250,Poly(ether ketone),[O-]C(=O)[O-].[Na+].[Na+].O=C(c1ccc(cc1)Cl)c1ccc(cc1)Cl,155.2,,23.0,81700.0,431.0,,,,,,,"InChI=1S/C13H8Cl2O.CH2O3.2Na/c14-11-5-1-9(2-6-11)13(16)10-3-7-12(15)8-4-10;2-1(3)4;;/h1-8H;(H2,2,3,4);;/q;;2*+1/p-2"
251,Poly(ether ketone ketone),c1cc(ccc1C(=O)Cl)C(=O)Cl.c1ccc(cc1)Oc2ccccc2,236.0,1.28,,,437.0,300.0,,,,,,InChI=1S/C12H10O.C8H4Cl2O2/c1-3-7-11(8-4-1)13-12-9-5-2-6-10-12;9-7(11)5-1-2-6(4-3-5)8(10)12/h1-10H;1-4H
252,Poly(ether ether ketone),[Na]Oc1ccc(cc1)O[Na].O=C(c1ccc(cc1)Cl)c1ccc(cc1)Cl,228.1,1.26,21.9,109400.0,421.0,320.0,1350.0,1.67,,,,"InChI=1S/C13H8Cl2O.C6H6O2.2Na/c14-11-5-1-9(2-6-11)13(16)10-3-7-12(15)8-4-10;7-5-1-2-6(8)4-3-5;;/h1-8H;1-4,7-8H;;/q;;2*+1/p-2"
253,Poly(ethyleneketone),C=C.[C-]#[O+],45.2,1.24,,,291.0,,,,,,,InChI=1S/C2H4.CO/c2*1-2/h1-2H2;
254,Poly(propyleneketone),CC=C.[C-]#[O+],55.6,1.26,,,312.0,,,,,,,"InChI=1S/C3H6.CO/c1-3-2;1-2/h3H,1H2,2H3;"
255,Poly(ether ether sulfone),Oc1ccc(cc1)O.Clc1ccc(cc1)S(=O)(=O)c1ccc(cc1)Cl,,,,,479.0,,,,,,,"InChI=1S/C12H8Cl2O2S.C6H6O2/c13-9-1-5-11(6-2-9)17(15,16)12-7-3-10(14)4-8-12;7-5-1-2-6(8)4-3-5/h1-8H;1-4,7-8H"
256,Poly(ethersulfone),Clc1ccc(cc1)S(=O)(=O)c1ccc(cc1)Cl.Oc1ccc(cc1)S(=O)(=O)c1ccc(cc1)O,169.3,1.37,23.0,89800.0,489.0,,,1.55,,,,"InChI=1S/C12H8Cl2O2S.C12H10O4S/c2*13-9-1-5-11(6-2-9)17(15,16)12-7-3-10(14)4-8-12/h1-8H;1-8,13-14H"
257,Poly(phenylsulfone),Oc1ccc(cc1)c1ccc(cc1)O.Clc1ccc(cc1)S(=O)(=O)c1ccc(cc1)Cl,310.4,1.29,,,482.0,,1600.0,1.67,,,,"InChI=1S/C12H8Cl2O2S.C12H10O2/c13-9-1-5-11(6-2-9)17(15,16)12-7-3-10(14)4-8-12;13-11-5-1-9(2-6-11)10-3-7-12(14)8-4-10/h1-8H;1-8,13-14H"
258,Bisphenol A Polysulfone,CC(c1ccc(cc1)O)(c1ccc(cc1)O)C.Clc1ccc(cc1)S(=O)(=O)c1ccc(cc1)Cl,358.2,1.24,21.2,160500.0,459.0,,2300.0,1.64,,,,"InChI=1S/C15H16O2.C12H8Cl2O2S/c1-15(2,11-3-7-13(16)8-4-11)12-5-9-14(17)10-6-12;13-9-1-5-11(6-2-9)17(15,16)12-7-3-10(14)4-8-12/h3-10,16-17H,1-2H3;1-8H"
259,Polychlorotrifluoroethylene,FC(=C(F)F)Cl,58.3,2.0,16.0,15500.0,360.0,101.1,,1.42,,,,InChI=1S/C2ClF3/c3-1(4)2(5)6
260,Poly(tetrafluoroethylene),FC(=C(F)F)F,47.9,2.12,12.3,7500.0,,,4650.0,1.36,,,,InChI=1S/C2F4/c3-1(4)2(5)6
261,Poly(vinyl bromide),BrC=C,50.2,2.13,19.4,18800.0,373.0,,,,,,,"InChI=1S/C2H3Br/c1-2-3/h2H,1H2"
262,Poly(vinyl chloride),ClC=C,45.2,1.38,19.6,17300.0,,62.0,5400.0,1.53,,,,"InChI=1S/C2H3Cl/c1-2-3/h2H,1H2"
263,Poly(vinyl fluoride),FC=C,34.4,1.34,15.7,8500.0,,,,1.46,,,,"InChI=1S/C2H3F/c1-2-3/h2H,1H2"
264,Poly(vinylidene chloride),ClC(=C)Cl,56.6,1.71,20.6,24600.0,,130.0,,1.62,,,,InChI=1S/C2H2Cl2/c1-2(3)4/h1H2
265,Poly(vinylidene fluoride),FC(=C)F,38.2,1.68,17.5,11800.0,242.0,83.0,2400.0,1.43,,,,InChI=1S/C2H2F2/c1-2(3)4/h1H2
266,Poly(4-bromostyrene),C=Cc1ccc(cc1)Br,119.0,0.87,19.7,46000.0,411.0,140.0,30000.0,,,,,"InChI=1S/C8H7Br/c1-2-7-3-5-8(9)6-4-7/h2-6H,1H2"
267,Poly(2-chlorostyrene),C=Cc1ccccc1Cl,114.0,1.22,19.0,41200.0,395.0,,,1.6,,,,"InChI=1S/C8H7Cl/c1-2-7-5-3-4-6-8(7)9/h2-6H,1H2"
268,Poly(4-chlorostyrene),C=Cc1ccc(cc1)Cl,112.6,1.23,19.2,41700.0,398.0,141.0,,,,,,"InChI=1S/C8H7Cl/c1-2-7-3-5-8(9)6-4-7/h2-6H,1H2"
269,"Poly(2,5-difluorostyrene)",C=Cc1cc(F)ccc1F,106.0,0.96,17.7,33100.0,374.0,,,,,,,"InChI=1S/C8H6F2/c1-2-6-5-7(9)3-4-8(6)10/h2-5H,1H2"
270,Poly(4-fluorostyrene),C=Cc1ccc(cc1)F,102.0,1.2,18.8,36000.0,376.0,117.0,,,,,,"InChI=1S/C8H7F/c1-2-7-3-5-8(9)6-4-7/h2-6H,1H2"
271,Poly(dimethyl fumarate),COC(=O)/C=C/C(=O)OC,115.5,1.25,19.9,45600.0,373.0,,,,,,,"InChI=1S/C6H8O4/c1-9-5(7)3-4-6(8)10-2/h3-4H,1-2H3/b4-3+"
272,Poly(dibutylfumarate),CCCCOC(=O)/C=C/C(=O)OCCCC,,,,,,,,,,,,"InChI=1S/C12H20O4/c1-3-5-9-15-11(13)7-8-12(14)16-10-6-4-2/h7-8H,3-6,9-10H2,1-2H3/b8-7+"
273,Poly(diethyl fumarate),CCOC(=O)/C=C/C(=O)OCC,145.5,1.18,18.6,48300.0,284.0,,,1.48,,,,"InChI=1S/C8H12O4/c1-3-11-7(9)5-6-8(10)12-4-2/h5-6H,3-4H2,1-2H3/b6-5+"
274,Poly(diproylfumarate),CCCOC(=O)/C=C/C(=O)OCCC,165.7,1.21,,,259.0,,,,,,,"InChI=1S/C10H16O4/c1-3-7-13-9(11)5-6-10(12)14-8-4-2/h5-6H,3-4,7-8H2,1-2H3/b6-5+"
275,Polyacetal,C=O,24.5,1.23,21.1,10900.0,211.0,61.0,2550.0,1.495,,,,InChI=1S/CH2O/c1-2/h1H2
276,Poly(3-butoxypropylene oxide),CCCCOCC1CO1,133.0,,,,,,,,,,,"InChI=1S/C7H14O2/c1-2-3-4-8-5-7-6-9-7/h7H,2-6H2,1H3"
277,Poly(epichlorohydrin),ClCC1CO1,68.9,1.34,19.7,26800.0,253.0,,,,,,,"InChI=1S/C3H5ClO/c4-1-3-2-5-3/h3H,1-2H2"
278,Poly(ethylene glycol),O1CC1,39.0,1.13,20.4,16200.0,,91.0,2000.0,1.46,,,,InChI=1S/C2H4O/c1-2-3-1/h1-2H2
279,Poly(hexamethylene glycol),C1CCCCOC1,,,,,,,,,,,,InChI=1S/C6H12O/c1-2-4-6-7-5-3-1/h1-6H2
280,Poly(glycidyl methyl ether),COCC1CO1,80.5,,,,,,,,,,,"InChI=1S/C4H8O2/c1-5-2-4-3-6-4/h4H,2-3H2,1H3"
281,Poly[oxy(hexyloxymethyl)ethylene],CCCCCCOCC1CO1,,,,,189.0,,,,,,,"InChI=1S/C9H18O2/c1-2-3-4-5-6-10-7-9-8-11-9/h9H,2-8H2,1H3"
282,Poly(oxymethylene-oxyethylene),C1COCO1,,,,,,,,,,,,InChI=1S/C3H6O2/c1-2-5-3-4-1/h1-3H2
283,Poly(oxymethylene-oxytetramethylene),,,,,,,,,,,,,
284,Poly(propylene glycol),CC1CO1,57.9,1.0,17.3,17200.0,203.0,111.5,,1.45,,,,"InChI=1S/C3H6O/c1-3-2-4-3/h3H,2H2,1H3"
285,Poly(tetrahydrofuran),C1CCCO1,73.7,0.98,17.5,22600.0,189.0,148.0,,1.48,,,,InChI=1S/C4H8O/c1-2-4-5-3-1/h1-4H2
286,Poly(trimethylene glycol),C1CCO1,,,,,197.0,,,,,,,InChI=1S/C3H6O/c1-2-4-3-1/h1-3H2
287,"Poly[1,1-bis(chloromethyl)trimethylene oxide]",C1C(CO1)(CCl)CCl,,,,,272.0,,,,,,,InChI=1S/C5H8Cl2O/c6-1-5(2-7)3-8-4-5/h1-4H2
288,Polyacetal,C=O,24.5,1.23,21.1,10900.0,211.0,61.0,2550.0,1.495,,,,InChI=1S/CH2O/c1-2/h1H2
289,Poly(3-butoxypropylene oxide),CCCCOCC1CO1,133.0,,,,,,,,,,,"InChI=1S/C7H14O2/c1-2-3-4-8-5-7-6-9-7/h7H,2-6H2,1H3"
290,Poly(epichlorohydrin),ClCC1CO1,68.9,1.34,19.7,26800.0,253.0,,,,,,,"InChI=1S/C3H5ClO/c4-1-3-2-5-3/h3H,1-2H2"
291,Poly(ethylene glycol),O1CC1,39.0,1.13,20.4,16200.0,,91.0,2000.0,1.46,,,,InChI=1S/C2H4O/c1-2-3-1/h1-2H2
292,Poly(hexamethylene glycol),C1CCCCOC1,,,,,,,,,,,,InChI=1S/C6H12O/c1-2-4-6-7-5-3-1/h1-6H2
293,Poly(glycidyl methyl ether),COCC1CO1,80.5,,,,,,,,,,,"InChI=1S/C4H8O2/c1-5-2-4-3-6-4/h4H,2-3H2,1H3"
294,Poly[oxy(hexyloxymethyl)ethylene],CCCCCCOCC1CO1,,,,,189.0,,,,,,,"InChI=1S/C9H18O2/c1-2-3-4-5-6-10-7-9-8-11-9/h9H,2-8H2,1H3"
295,Poly(oxymethylene-oxyethylene),C1COCO1,,,,,,,,,,,,InChI=1S/C3H6O2/c1-2-5-3-4-1/h1-3H2
296,Poly(oxymethylene-oxytetramethylene),,,,,,,,,,,,,
297,Poly(propylene glycol),CC1CO1,57.9,1.0,17.3,17200.0,203.0,111.5,,1.45,,,,"InChI=1S/C3H6O/c1-3-2-4-3/h3H,2H2,1H3"
298,Poly(tetrahydrofuran),C1CCCO1,73.7,0.98,17.5,22600.0,189.0,148.0,,1.48,,,,InChI=1S/C4H8O/c1-2-4-5-3-1/h1-4H2
299,Poly(trimethylene glycol),C1CCO1,,,,,197.0,,,,,,,InChI=1S/C3H6O/c1-2-4-3-1/h1-3H2
300,"Poly[1,1-bis(chloromethyl)trimethylene oxide]",C1C(CO1)(CCl)CCl,,,,,272.0,,,,,,,InChI=1S/C5H8Cl2O/c6-1-5(2-7)3-8-4-5/h1-4H2
301,Polychloroprene,C=CC(=C)Cl,71.3,1.24,18.1,23300.0,237.0,,,1.56,,,,"InChI=1S/C4H5Cl/c1-3-4(2)5/h3H,1-2H2"
302,Poly(1-bromo-1-butenylene),BrC=CC=C,78.0,1.7,18.8,27400.0,233.0,,,,,,,"InChI=1S/C4H5Br/c1-2-3-4-5/h2-4H,1H2"
303,Polychlorotrifluoroethylene,FC(=C(F)F)Cl,58.3,2.0,16.0,15500.0,360.0,101.1,,1.42,,,,InChI=1S/C2ClF3/c3-1(4)2(5)6
304,Poly(tetrafluoroethylene),FC(=C(F)F)F,47.9,2.12,12.3,7500.0,,,4650.0,1.36,,,,InChI=1S/C2F4/c3-1(4)2(5)6
305,Poly(vinyl bromide),BrC=C,50.2,2.13,19.4,18800.0,373.0,,,,,,,"InChI=1S/C2H3Br/c1-2-3/h2H,1H2"
306,Poly(vinyl chloride),ClC=C,45.2,1.38,19.6,17300.0,,62.0,5400.0,1.53,,,,"InChI=1S/C2H3Cl/c1-2-3/h2H,1H2"
307,Poly(vinyl fluoride),FC=C,34.4,1.34,15.7,8500.0,,,,1.46,,,,"InChI=1S/C2H3F/c1-2-3/h2H,1H2"
308,Poly(vinylidene chloride),ClC(=C)Cl,56.6,1.71,20.6,24600.0,,130.0,,1.62,,,,InChI=1S/C2H2Cl2/c1-2(3)4/h1H2
309,Poly(vinylidene fluoride),FC(=C)F,38.2,1.68,17.5,11800.0,242.0,83.0,2400.0,1.43,,,,InChI=1S/C2H2F2/c1-2(3)4/h1H2
310,Poly(4-bromostyrene),C=Cc1ccc(cc1)Br,119.0,0.87,19.7,46000.0,411.0,140.0,30000.0,,,,,"InChI=1S/C8H7Br/c1-2-7-3-5-8(9)6-4-7/h2-6H,1H2"
311,Poly(2-chlorostyrene),C=Cc1ccccc1Cl,114.0,1.22,19.0,41200.0,395.0,,,1.6,,,,"InChI=1S/C8H7Cl/c1-2-7-5-3-4-6-8(7)9/h2-6H,1H2"
312,Poly(4-chlorostyrene),C=Cc1ccc(cc1)Cl,112.6,1.23,19.2,41700.0,398.0,141.0,,,,,,"InChI=1S/C8H7Cl/c1-2-7-3-5-8(9)6-4-7/h2-6H,1H2"
313,"Poly(2,5-difluorostyrene)",C=Cc1cc(F)ccc1F,106.0,0.96,17.7,33100.0,374.0,,,,,,,"InChI=1S/C8H6F2/c1-2-6-5-7(9)3-4-8(6)10/h2-5H,1H2"
314,Poly(4-fluorostyrene),C=Cc1ccc(cc1)F,102.0,1.2,18.8,36000.0,376.0,117.0,,,,,,"InChI=1S/C8H7F/c1-2-7-3-5-8(9)6-4-7/h2-6H,1H2"
315,DGEBA Epoxy Resin,CC(C)(c1ccc(cc1)O)c2ccc(cc2)O.C1C(O1)CCl,242.0,1.18,22.1,123000.0,372.0,,1600.0,1.598,,,,"InChI=1S/C15H16O2.C3H5ClO/c1-15(2,11-3-7-13(16)8-4-11)12-5-9-14(17)10-6-12;4-1-3-2-5-3/h3-10,16-17H,1-2H3;3H,1-2H2"
317,DGEBA/Edamine Epoxy,CC(c1ccc(cc1)OCC1OC1)(c1ccc(cc1)OCC1OC1)C.NCCN,,,22.4,176800.0,410.0,,,,,,,"InChI=1S/C21H24O4.C2H8N2/c1-21(2,15-3-7-17(8-4-15)22-11-19-13-24-19)16-5-9-18(10-6-16)23-12-20-14-25-20;3-1-2-4/h3-10,19-20H,11-14H2,1-2H3;1-4H2"
318,DGEBA/Hexamine Epoxy,CC(c1ccc(cc1)OCC1OC1)(c1ccc(cc1)OCC1OC1)C.NCCCCCCN,,,21.2,187000.0,386.0,,,,,,,"InChI=1S/C21H24O4.C6H16N2/c1-21(2,15-3-7-17(8-4-15)22-11-19-13-24-19)16-5-9-18(10-6-16)23-12-20-14-25-20;7-5-3-1-2-4-6-8/h3-10,19-20H,11-14H2,1-2H3;1-8H2"
319,DGEBA/Octanediamine Epoxy,CC(c1ccc(cc1)OCC1OC1)(c1ccc(cc1)OCC1OC1)C.NCCCCCCCCN,,,20.7,191600.0,376.0,,,,,,,"InChI=1S/C21H24O4.C8H20N2/c1-21(2,15-3-7-17(8-4-15)22-11-19-13-24-19)16-5-9-18(10-6-16)23-12-20-14-25-20;9-7-5-3-1-2-4-6-8-10/h3-10,19-20H,11-14H2,1-2H3;1-10H2"
320,Poly(2-hydroxyethyl acrylate),C=CC(=O)OCCO,,,,,259.0,,,,,,,"InChI=1S/C5H8O3/c1-2-5(7)8-4-3-6/h2,6H,1,3-4H2"
321,Poly(2-hydroxyethyl methacrylate),CC(=C)C(=O)OCCO,,,,,,,,1.51,,,,"InChI=1S/C6H10O3/c1-5(2)6(8)9-4-3-7/h7H,1,3-4H2,2H3"
322,Poly(2-hydroxypropyl methacrylate),CC(COC(=O)C(=C)C)O,,,,,349.0,,,,,,,"InChI=1S/C7H12O3/c1-5(2)7(9)10-4-6(3)8/h6,8H,1,4H2,2-3H3"
323,PEG 100 - HMDI Urethane,OCCOCCO.O=C=NCCCCCCN=C=O,218.0,1.26,,,281.0,,,,,,,"InChI=1S/C8H12N2O2.C4H10O3/c11-7-9-5-3-1-2-4-6-10-8-12;5-1-3-7-4-2-6/h1-6H2;5-6H,1-4H2"
324,PEG 200 - HMDI Urethane,OCCOCCOCCOCCO.O=C=NCCCCCCN=C=O,298.0,1.22,,,,,,,,,,"InChI=1S/C8H12N2O2.C8H18O5/c11-7-9-5-3-1-2-4-6-10-8-12;9-1-3-11-5-7-13-8-6-12-4-2-10/h1-6H2;9-10H,1-8H2"
325,Butanediol-alt-Diphenylmethane Diisocyanate,OCCCCO.O=C=Nc1ccc(cc1)Cc1ccc(cc1)N=C=O,262.4,1.3,,,363.0,,,,,,,"InChI=1S/C15H10N2O2.C4H10O2/c18-10-16-14-5-1-12(2-6-14)9-13-3-7-15(8-4-13)17-11-19;5-3-1-2-4-6/h1-8H,9H2;5-6H,1-4H2"
326,CROW,OCCO.O=C=Nc1ccc(cc1)Cc1ccc(cc1)N=C=O,,,21.0,107500.0,412.0,,,,,,,"InChI=1S/C15H10N2O2.C2H6O2/c18-10-16-14-5-1-12(2-6-14)9-13-3-7-15(8-4-13)17-11-19;3-1-2-4/h1-8H,9H2;3-4H,1-2H2"
328,Poly(bisphenol A isophthalate),OC(=O)c1cc(ccc1)C(=O)O.Oc1ccc(cc1)C(C)(C)c2ccc(cc2)O,,,,,462.0,,2450.0,,,,,"InChI=1S/C15H16O2.C8H6O4/c1-15(2,11-3-7-13(16)8-4-11)12-5-9-14(17)10-6-12;9-7(10)5-2-1-3-6(4-5)8(11)12/h3-10,16-17H,1-2H3;1-4H,(H,9,10)(H,11,12)"
329,Poly(butylene isophthalate),OC(=O)c1cccc(c1)C(=O)O.OCCCCO,,,,,297.0,,,,,,,"InChI=1S/C8H6O4.C4H10O2/c9-7(10)5-2-1-3-6(4-5)8(11)12;5-3-1-2-4-6/h1-4H,(H,9,10)(H,11,12);5-6H,1-4H2"
330,Poly(ethylene isophthalate),OC(=O)c1cccc(c1)C(=O)O.OCCO,144.0,1.335,23.3,77800.0,324.0,,4950.0,,,,,"InChI=1S/C8H6O4.C2H6O2/c9-7(10)5-2-1-3-6(4-5)8(11)12;3-1-2-4/h1-4H,(H,9,10)(H,11,12);3-4H,1-2H2"
331,"Poly(1,2-butadiene)",C=CC=C,59.3,0.91,17.3,17800.0,268.0,,3700.0,1.5,,,,"InChI=1S/C4H6/c1-3-4-2/h3-4H,1-2H2"
332,"Poly(1,4-butadiene)",C=CC=C,59.7,,17.0,17300.0,171.0,101.0,2600.0,1.53,,,,"InChI=1S/C4H6/c1-3-4-2/h3-4H,1-2H2"
333,Poly(1-pentenylene),C1CC=CC1,76.0,,,,178.0,,,,,,,"InChI=1S/C5H8/c1-2-4-5-3-1/h1-2H,3-5H2"
334,"Poly(1-ethyl-1,4-butadiene)",CCC=CC=C,92.2,,,,,,7400.0,,,,,"InChI=1S/C6H10/c1-3-5-6-4-2/h3,5-6H,1,4H2,2H3"
335,Polyisoprene,CC=CC=C,,0.91,16.5,20600.0,,,4800.0,,,,,"InChI=1S/C5H8/c1-3-5-4-2/h3-5H,1H2,2H3"
336,"Poly(1,4-pentadiene)",C=CCC=C,76.5,0.89,,,,,,,,,,"InChI=1S/C5H8/c1-3-5-4-2/h3-4H,1-2,5H2"
337,Poly(1-pentenylene),C1CC=CC1,76.0,,,,178.0,,,,,,,"InChI=1S/C5H8/c1-2-4-5-3-1/h1-2H,3-5H2"
338,Poly(dimehyl itaconate),COC(=O)CC(=C)C(=O)OC,,,,,373.0,,,,,,,"InChI=1S/C7H10O4/c1-5(7(9)11-3)4-6(8)10-2/h1,4H2,2-3H3"
339,Poly[di(n-propyl) itaconate],CCCOC(=O)CC(=C)C(=O)OCCC,,,18.6,64600.0,306.0,,,,,,,"InChI=1S/C11H18O4/c1-4-6-14-10(12)8-9(3)11(13)15-7-5-2/h3-8H2,1-2H3"
340,Poly[di(n-butyl)itaconate],CCCCOC(=O)CC(=C)C(=O)OCCCC,,,18.2,72300.0,285.0,,,,,,,"InChI=1S/C13H22O4/c1-4-6-8-16-12(14)10-11(3)13(15)17-9-7-5-2/h3-10H2,1-2H3"
341,Poly[di(n-hexyl) itaconate],CCCCCCOC(=O)CC(=C)C(=O)OCCCCCC,,,17.5,87000.0,255.0,,,,,,,"InChI=1S/C17H30O4/c1-4-6-8-10-12-20-16(18)14-15(3)17(19)21-13-11-9-7-5-2/h3-14H2,1-2H3"
342,Poly(ether ketone),[O-]C(=O)[O-].[Na+].[Na+].O=C(c1ccc(cc1)Cl)c1ccc(cc1)Cl,155.2,,23.0,81700.0,431.0,,,,,,,"InChI=1S/C13H8Cl2O.CH2O3.2Na/c14-11-5-1-9(2-6-11)13(16)10-3-7-12(15)8-4-10;2-1(3)4;;/h1-8H;(H2,2,3,4);;/q;;2*+1/p-2"
343,Poly(ether ketone ketone),c1cc(ccc1C(=O)Cl)C(=O)Cl.c1ccc(cc1)Oc2ccccc2,236.0,1.28,,,437.0,300.0,,,,,,InChI=1S/C12H10O.C8H4Cl2O2/c1-3-7-11(8-4-1)13-12-9-5-2-6-10-12;9-7(11)5-1-2-6(4-3-5)8(10)12/h1-10H;1-4H
344,Poly(ether ether ketone),[Na]Oc1ccc(cc1)O[Na].O=C(c1ccc(cc1)Cl)c1ccc(cc1)Cl,228.1,1.26,21.9,109400.0,421.0,320.0,1350.0,1.67,,,,"InChI=1S/C13H8Cl2O.C6H6O2.2Na/c14-11-5-1-9(2-6-11)13(16)10-3-7-12(15)8-4-10;7-5-1-2-6(8)4-3-5;;/h1-8H;1-4,7-8H;;/q;;2*+1/p-2"
345,Poly(ethyleneketone),C=C.[C-]#[O+],45.2,1.24,,,291.0,,,,,,,InChI=1S/C2H4.CO/c2*1-2/h1-2H2;
346,Poly(propyleneketone),CC=C.[C-]#[O+],55.6,1.26,,,312.0,,,,,,,"InChI=1S/C3H6.CO/c1-3-2;1-2/h3H,1H2,2H3;"
347,Nylon 3,C1CNC1=O,,,,,384.0,,,,,,,"InChI=1S/C3H5NO/c5-3-1-2-4-3/h1-2H2,(H,4,5)"
348,Nylon 6,O=C1CCCCCN1,104.4,1.08,25.5,67600.0,324.0,166.0,2500.0,1.53,,,,"InChI=1S/C6H11NO/c8-6-4-2-1-3-5-7-6/h1-5H2,(H,7,8)"
349,Nylon 8,O=C1CCCCCCCN1,135.9,1.04,24.5,82700.0,324.0,,,,,,,"InChI=1S/C8H15NO/c10-8-6-4-2-1-3-5-7-9-8/h1-7H2,(H,9,10)"
350,Nylon 12,NCCCCCCCCCC(=O)O,,,,,315.0,,,,,,,"InChI=1S/C10H21NO2/c11-9-7-5-3-1-2-4-6-8-10(12)13/h1-9,11H2,(H,12,13)"
351,Nylon 11,NCCCCCCCCCCC(=O)O,180.1,1.02,,,,,,,,,,"InChI=1S/C11H23NO2/c12-10-8-6-4-2-1-3-5-7-9-11(13)14/h1-10,12H2,(H,13,14)"
352,Nylon 12,NCCCCCCCCCCCC(=O)O,197.3,1.0,,,313.0,,,1.53,,,,"InChI=1S/C12H25NO2/c13-11-9-7-5-3-1-2-4-6-8-10-12(14)15/h1-11,13H2,(H,14,15)"
353,Nylon 6-6,NCCCCCCN.OC(=O)CCCCC(=O)O,209.9,1.08,26.0,143100.0,324.0,328.0,2000.0,1.53,,,,"InChI=1S/C6H16N2.C6H10O4/c7-5-3-1-2-4-6-8;7-5(8)3-1-2-4-6(9)10/h1-8H2;1-4H2,(H,7,8)(H,9,10)"
354,Nylon 6-9,OC(=O)CCCCCCCC(=O)O.NCCCCCCN,249.0,1.08,,,332.0,,,,,,,"InChI=1S/C9H16O4.C6H16N2/c10-8(11)6-4-2-1-3-5-7-9(12)13;7-5-3-1-2-4-6-8/h1-7H2,(H,10,11)(H,12,13);1-8H2"
355,Nylon 6-10,OC(=O)CCCCCCCCC(=O)O.NCCCCCCN,271.5,1.04,,,323.0,448.5,,1.54,,,,"InChI=1S/C10H18O4.C6H16N2/c11-9(12)7-5-3-1-2-4-6-8-10(13)14;7-5-3-1-2-4-6-8/h1-8H2,(H,11,12)(H,13,14);1-8H2"
356,Nylon 6-12,NCCCCCCN.OC(=O)CCCCCCCCCCC(=O)O,292.9,1.06,,,319.0,482.0,,1.53,,,,"InChI=1S/C12H22O4.C6H16N2/c13-11(14)9-7-5-3-1-2-4-6-8-10-12(15)16;7-5-3-1-2-4-6-8/h1-10H2,(H,13,14)(H,15,16);1-8H2"
357,Nylon 10-10,OC(=O)CCCCCCCCC(=O)O.NCCCCCCCCCCN,329.0,1.03,,,323.0,,,,,,,"InChI=1S/C10H24N2.C10H18O4/c11-9-7-5-3-1-2-4-6-8-10-12;11-9(12)7-5-3-1-2-4-6-8-10(13)14/h1-12H2;1-8H2,(H,11,12)(H,13,14)"
358,PA 6T,NCCCCCCN.ClC(=O)c1ccc(cc1)C(=O)Cl,,,,,412.0,,,1.58,,,,InChI=1S/C8H4Cl2O2.C6H16N2/c9-7(11)5-1-2-6(4-3-5)8(10)12;7-5-3-1-2-4-6-8/h1-4H;1-8H2
359,Kevlar,Nc1ccc(cc1)N.ClC(=O)c1ccc(cc1)C(=O)Cl,,,26.0,127700.0,600.0,,,,,,,"InChI=1S/C8H4Cl2O2.C6H8N2/c9-7(11)5-1-2-6(4-3-5)8(10)12;7-5-1-2-6(8)4-3-5/h1-4H;1-4H,7-8H2"
360,Poly(m-phenylene terephthalamide),Nc1cc(ccc1)N.ClC(=O)c1cc(ccc1)C(=O)Cl,175.9,1.36,,,537.0,,,,,,,"InChI=1S/C8H4Cl2O2.C6H8N2/c9-7(11)5-2-1-3-6(4-5)8(10)12;7-5-2-1-3-6(8)4-5/h1-4H;1-4H,7-8H2"
361,PA 9T,NCCCCCCCCCN.ClC(=O)c1ccc(cc1)C(=O)Cl,,,,,394.0,,,,,,,InChI=1S/C9H22N2.C8H4Cl2O2/c10-8-6-4-2-1-3-5-7-9-11;9-7(11)5-1-2-6(4-3-5)8(10)12/h1-11H2;1-4H
362,Poly(bisphenol A isophthalate),OC(=O)c1cc(ccc1)C(=O)O.Oc1ccc(cc1)C(C)(C)c2ccc(cc2)O,,,,,462.0,,2450.0,,,,,"InChI=1S/C15H16O2.C8H6O4/c1-15(2,11-3-7-13(16)8-4-11)12-5-9-14(17)10-6-12;9-7(10)5-2-1-3-6(4-5)8(11)12/h3-10,16-17H,1-2H3;1-4H,(H,9,10)(H,11,12)"
363,Poly(Bisphenol A terephthalate),OC(=O)c1ccc(cc1)C(=O)O.Oc1ccc(cc1)C(C)(C)c2ccc(cc2)O,,,,,472.0,,1395.0,,,,,"InChI=1S/C15H16O2.C8H6O4/c1-15(2,11-3-7-13(16)8-4-11)12-5-9-14(17)10-6-12;9-7(10)5-1-2-6(4-3-5)8(11)12/h3-10,16-17H,1-2H3;1-4H,(H,9,10)(H,11,12)"
364,Poly(butylene adipate),OC(=O)CCCCC(=O)O.OCCCCO,179.0,1.12,,,202.0,394.0,,,,,,"InChI=1S/C6H10O4.C4H10O2/c7-5(8)3-1-2-4-6(9)10;5-3-1-2-4-6/h1-4H2,(H,7,8)(H,9,10);5-6H,1-4H2"
365,Poly(butylene isophthalate),OC(=O)c1cccc(c1)C(=O)O.OCCCCO,,,,,297.0,,,,,,,"InChI=1S/C8H6O4.C4H10O2/c9-7(10)5-2-1-3-6(4-5)8(11)12;5-3-1-2-4-6/h1-4H,(H,9,10)(H,11,12);5-6H,1-4H2"
366,Poly(butylene sebacate),OC(=O)CCCCCCCCC(=O)O.OCCCCO,,,,,214.0,,,,,,,"InChI=1S/C10H18O4.C4H10O2/c11-9(12)7-5-3-1-2-4-6-8-10(13)14;5-3-1-2-4-6/h1-8H2,(H,11,12)(H,13,14);5-6H,1-4H2"
367,Poly(butylene sebacate),OC(=O)CCC(=O)O.OCCCCO,,,,,237.0,,,,,,,"InChI=1S/C4H6O4.C4H10O2/c5-3(6)1-2-4(7)8;5-3-1-2-4-6/h1-2H2,(H,5,6)(H,7,8);5-6H,1-4H2"
368,Poly[(tetramethylene terephthalate),OC(=O)c1ccc(cc1)C(=O)O.OCCCCO,175.5,1.26,22.4,87700.0,313.0,268.0,,,,,,"InChI=1S/C8H6O4.C4H10O2/c9-7(10)5-1-2-6(4-3-5)8(11)12;5-3-1-2-4-6/h1-4H,(H,9,10)(H,11,12);5-6H,1-4H2"
369,Poly(ethylene sebacate),OC(=O)CCCCCCCCC(=O)O.OCCO,,,,,244.0,449.0,,,,,,"InChI=1S/C10H18O4.C2H6O2/c11-9(12)7-5-3-1-2-4-6-8-10(13)14;3-1-2-4/h1-8H2,(H,11,12)(H,13,14);3-4H,1-2H2"
370,Poly(ethylene succinate),OC(=O)CCC(=O)O.OCCO,,,,,267.0,,,1.47,,,,"InChI=1S/C4H6O4.C2H6O2/c5-3(6)1-2-4(7)8;3-1-2-4/h1-2H2,(H,5,6)(H,7,8);3-4H,1-2H2"
371,Poly(caprolactone),O=C1CCCCCO1,102.3,1.12,19.2,37350.0,208.0,207.0,,1.46,,,,InChI=1S/C6H10O2/c7-6-4-2-1-3-5-8-6/h1-5H2
372,PCT,OC(=O)c1ccc(cc1)C(=O)O.OCC1CCC(CC1)CO,229.5,1.2,,,364.0,,,,,,,"InChI=1S/C8H6O4.C8H16O2/c9-7(10)5-1-2-6(4-3-5)8(11)12;9-5-7-1-2-8(6-10)4-3-7/h1-4H,(H,9,10)(H,11,12);7-10H,1-6H2"
373,Poly(ethylene adipate),OC(=O)CCCCC(=O)O.OCCO,141.0,1.22,19.8,,230.0,,,,,,,"InChI=1S/C6H10O4.C2H6O2/c7-5(8)3-1-2-4-6(9)10;3-1-2-4/h1-4H2,(H,7,8)(H,9,10);3-4H,1-2H2"
374,Poly(ethylene isophthalate),OC(=O)c1cccc(c1)C(=O)O.OCCO,144.0,1.335,23.3,77800.0,324.0,,4950.0,,,,,"InChI=1S/C8H6O4.C2H6O2/c9-7(10)5-2-1-3-6(4-5)8(11)12;3-1-2-4/h1-4H,(H,9,10)(H,11,12);3-4H,1-2H2"
375,Poly(ethylene naphthalate) ,OC(=O)c1ccc2c(c1)ccc(c2)C(=O)O.OCCO,179.0,1.35,,,392.0,,,,,,,"InChI=1S/C12H8O4.C2H6O2/c13-11(14)9-3-1-7-5-10(12(15)16)4-2-8(7)6-9;3-1-2-4/h1-6H,(H,13,14)(H,15,16);3-4H,1-2H2"
376,Poly(ethylene phthalate) ,OC(=O)c1ccccc1C(=O)O.OCCO,143.6,1.34,,,297.0,,,,,,,"InChI=1S/C8H6O4.C2H6O2/c9-7(10)5-3-1-2-4-6(5)8(11)12;3-1-2-4/h1-4H,(H,9,10)(H,11,12);3-4H,1-2H2"
377,Poly(ethylene terephthalate),OC(=O)c1ccc(cc1)C(=O)O.OCCO,144.0,1.34,21.2,64800.0,344.0,219.0,1700.0,1.58,,,,"InChI=1S/C8H6O4.C2H6O2/c9-7(10)5-1-2-6(4-3-5)8(11)12;3-1-2-4/h1-4H,(H,9,10)(H,11,12);3-4H,1-2H2"
378,Polyglycolide,O=C1OCC(=O)OC1,38.3,1.52,23.1,20500.0,312.0,112.0,,1.51,,,,InChI=1S/C4H4O4/c5-3-1-7-4(6)2-8-3/h1-2H2
379,Poly(hexyylene sebacate),OC(=O)CCCCCCCCC(=O)O.OCCCCCCO,,,,,,,,,,,,"InChI=1S/C10H18O4.C6H14O2/c11-9(12)7-5-3-1-2-4-6-8-10(13)14;7-5-3-1-2-4-6-8/h1-8H2,(H,11,12)(H,13,14);7-8H,1-6H2"
380,Poly(hexylene succinate),OC(=O)CCC(=O)O.OCCCCCCO,,,,,220.0,,,,,,,"InChI=1S/C6H14O2.C4H6O4/c7-5-3-1-2-4-6-8;5-3(6)1-2-4(7)8/h7-8H,1-6H2;1-2H2,(H,5,6)(H,7,8)"
381,Polyhydroxybutyrate,CC1CC(=O)O1,70.7,1.22,19.2,,276.0,,,,,,,"InChI=1S/C4H6O2/c1-3-2-4(5)6-3/h3H,2H2,1H3"
383,Polylactic acid,OC(=O)C(O)C,57.2,1.26,20.2,23300.0,332.0,99.0,8700.0,1.47,,,,"InChI=1S/C3H6O3/c1-2(4)3(5)6/h2,4H,1H3,(H,5,6)"
384,Poly(propylene adipate),OC(=O)CCCCC(=O)O.OCCCO,,,,,,,,,,,,"InChI=1S/C6H10O4.C3H8O2/c7-5(8)3-1-2-4-6(9)10;4-2-1-3-5/h1-4H2,(H,7,8)(H,9,10);4-5H,1-3H2"
385,Poly(propylene sebacate),OC(=O)CCC(=O)O.OCCCO,,,,,,,,,,,,"InChI=1S/C4H6O4.C3H8O2/c5-3(6)1-2-4(7)8;4-2-1-3-5/h1-2H2,(H,5,6)(H,7,8);4-5H,1-3H2"
386,Poly(trimethylene terephthalate),OC(=O)c1ccc(cc1)C(=O)O.OCCCO,153.9,1.34,,,327.0,,,,,,,"InChI=1S/C8H6O4.C3H8O2/c9-7(10)5-1-2-6(4-3-5)8(11)12;4-2-1-3-5/h1-4H,(H,9,10)(H,11,12);4-5H,1-3H2"
387,Poly(N-acetylmethacrylamide),CC(=O)NC(=O)C(=C)C,112.0,1.14,26.8,74300.0,,,,,,,,"InChI=1S/C6H9NO2/c1-4(2)6(9)7-5(3)8/h1H2,2-3H3,(H,7,8,9)"
388,Poly(N-benzyl methacrylamide),O=C(C(=C)C)NCc1ccccc1,155.5,1.13,22.5,78700.0,,,,1.6,,,,"InChI=1S/C11H13NO/c1-9(2)11(13)12-8-10-6-4-3-5-7-10/h3-7H,1,8H2,2H3,(H,12,13)"
389,Poly(N-tert-butylmethacrylamide),CC(=C)C(=O)NC(C)(C)C,,,,,,,,,,,,"InChI=1S/C8H15NO/c1-6(2)7(10)9-8(3,4)5/h1H2,2-5H3,(H,9,10)"
390,Poly(methacrylic acid),CC(=C)C(=O)O,,1.29,,,,112.1,,,,,,"InChI=1S/C4H6O2/c1-3(2)4(5)6/h1H2,2H3,(H,5,6)"
391,Poly(benzyl methacrylate),O=C(C(=C)C)OCc1ccccc1,150.3,1.17,20.3,61900.0,327.0,,,1.59,,,,"InChI=1S/C11H12O2/c1-9(2)11(12)13-8-10-6-4-3-5-7-10/h3-7H,1,8H2,2H3"
392,Poly(butyl methacrylate),CCCCOC(=O)C(=C)C,135.0,1.05,17.9,43100.0,294.0,,12200.0,1.48,,,,"InChI=1S/C8H14O2/c1-4-5-6-10-8(9)7(2)3/h2,4-6H2,1,3H3"
393,Poly(cyclohexyl methacrylate),O=C(C(=C)C)OC1CCCCC1,153.0,1.1,,,,,34500.0,1.51,,,,"InChI=1S/C10H16O2/c1-8(2)10(11)12-9-6-4-3-5-7-9/h9H,1,3-7H2,2H3"
394,Poly(n-decyl methacrylate),CCCCCCCCCCOC(=O)C(=C)C,240.0,0.95,,,211.0,,61100.0,,,,,"InChI=1S/C14H26O2/c1-4-5-6-7-8-9-10-11-12-16-14(15)13(2)3/h2,4-12H2,1,3H3"
395,Poly(dodecyl methacrylate),CCCCCCCCCCCCOC(=O)C(=C)C,,,,,218.0,,102000.0,1.47,,,,"InChI=1S/C16H30O2/c1-4-5-6-7-8-9-10-11-12-13-14-18-16(17)15(2)3/h2,4-14H2,1,3H3"
396,Poly(2-ethoxyethyl methacrylate),CCOCCOC(=O)C(=C)C,145.6,1.09,18.6,50100.0,,,,1.5,,,,"InChI=1S/C8H14O3/c1-4-10-5-6-11-8(9)7(2)3/h2,4-6H2,1,3H3"
397,Poly(ethyl methacrylate),CCOC(=O)C(=C)C,103.0,1.11,18.4,35000.0,338.0,166.0,13700.0,1.5,,,,"InChI=1S/C6H10O2/c1-4-8-6(7)5(2)3/h2,4H2,1,3H3"
398,Poly(hexyl methacrylate),CCCCCCOC(=O)C(=C)C,169.0,1.01,17.4,51200.0,266.0,324.0,33500.0,1.48,,,,"InChI=1S/C10H18O2/c1-4-5-6-7-8-12-10(11)9(2)3/h2,4-8H2,1,3H3"
399,Poly(2-hydroxyethyl methacrylate),CC(=C)C(=O)OCCO,,,,,,,,1.51,,,,"InChI=1S/C6H10O3/c1-5(2)6(8)9-4-3-7/h7H,1,3-4H2,2H3"
400,Poly(2-hydroxypropyl methacrylate),CC(COC(=O)C(=C)C)O,,,,,349.0,,,,,,,"InChI=1S/C7H12O3/c1-5(2)7(9)10-4-6(3)8/h6,8H,1,4H2,2-3H3"
401,Poly(isobutyl methacrylate),CC(COC(=O)C(=C)C)C,135.0,1.05,18.0,43600.0,337.0,227.0,,1.48,,,,"InChI=1S/C8H14O2/c1-6(2)5-10-8(9)7(3)4/h6H,3,5H2,1-2,4H3"
402,Poly(isopropyl methacrylate),CC(OC(=O)C(=C)C)C,121.7,1.05,18.0,39400.0,356.0,,,1.46,,,,"InChI=1S/C7H12O2/c1-5(2)7(8)9-6(3)4/h6H,1H2,2-4H3"
403,Poly(methyl methacrylate),COC(=O)C(=C)C,87.1,1.15,19.0,31300.0,,136.5,11800.0,1.49,,,,"InChI=1S/C5H8O2/c1-4(2)5(6)7-3/h1H2,2-3H3"
404,Poly(octadecyl methacrylate),CCCCCCCCCCCCCCCCCCOC(=O)C(=C)C,374.5,0.9,16.0,92100.0,312.0,,225000.0,,,,,"InChI=1S/C22H42O2/c1-4-5-6-7-8-9-10-11-12-13-14-15-16-17-18-19-20-24-22(23)21(2)3/h2,4-20H2,1,3H3"
405,Poly(octyl  methacrylate),CCCCCCCCOC(=O)C(=C)C,,,17.1,60100.0,228.0,,67000.0,,,,,"InChI=1S/C12H22O2/c1-4-5-6-7-8-9-10-14-12(13)11(2)3/h2,4-10H2,1,3H3"
406,Poly(2-phenylethyl methacrylate),CC(=C)C(=O)OCCc1ccccc1,,,,,,,,1.55,,,,"InChI=1S/C12H14O2/c1-10(2)12(13)14-9-8-11-6-4-3-5-7-11/h3-7H,1,8-9H2,2H3"
407,Poly(phenyl methacrylate),CC(=C)C(=O)Oc1ccccc1,,1.21,,,383.0,,45000.0,1.56,,,,"InChI=1S/C10H10O2/c1-8(2)10(11)12-9-6-4-3-5-7-9/h3-7H,1H2,2H3"
408,Poly(propyl methacrylate),CCCOC(=O)C(=C)C,119.0,1.08,18.4,40100.0,319.0,,,1.48,,,,"InChI=1S/C7H12O2/c1-4-5-9-7(8)6(2)3/h2,4-5H2,1,3H3"
409,Poly(2-chloroethyl methacrylate),CC(=C)C(=O)OCCCl,,,,,,,24600.0,1.5,,,,"InChI=1S/C6H9ClO2/c1-5(2)6(8)9-4-3-7/h1,3-4H2,2H3"
410,Poly(sec-butyl methacrylate),CCC(OC(=O)C(=C)C)C,,,,,,,,,,,,"InChI=1S/C8H14O2/c1-5-7(4)10-8(9)6(2)3/h7H,2,5H2,1,3-4H3"
411,Poly(4-tert-butylcyclohexyl methacrylate),CC(=C)C(=O)OC1CCC(CC1)C(C)(C)C,228.0,0.99,,,403.0,,50000.0,,,,,"InChI=1S/C14H24O2/c1-10(2)13(15)16-12-8-6-11(7-9-12)14(3,4)5/h11-12H,1,6-9H2,2-5H3"
412,Poly(tert-butyl methacrylate),CC(=C)C(=O)OC(C)(C)C,139.0,1.02,17.1,40700.0,391.0,,28300.0,1.46,,,,"InChI=1S/C8H14O2/c1-6(2)7(9)10-8(3,4)5/h1H2,2-5H3"
413,Poly(tetrafluoropropyl methacrylate),FC(F)C(F)(F)COC(=O)C(=C)C,,,,,344.0,,,1.42,,,,"InChI=1S/C7H8F4O2/c1-4(2)5(12)13-3-7(10,11)6(8)9/h6H,1,3H2,2H3"
414,Poly(dimehyl itaconate),COC(=O)CC(=C)C(=O)OC,,,,,373.0,,,,,,,"InChI=1S/C7H10O4/c1-5(7(9)11-3)4-6(8)10-2/h1,4H2,2-3H3"
415,Poly[di(n-propyl) itaconate],CCCOC(=O)CC(=C)C(=O)OCCC,,,18.6,64600.0,306.0,,,,,,,"InChI=1S/C11H18O4/c1-4-6-14-10(12)8-9(3)11(13)15-7-5-2/h3-8H2,1-2H3"
416,Poly[di(n-butyl)itaconate],CCCCOC(=O)CC(=C)C(=O)OCCCC,,,18.2,72300.0,285.0,,,,,,,"InChI=1S/C13H22O4/c1-4-6-8-16-12(14)10-11(3)13(15)17-9-7-5-2/h3-10H2,1-2H3"
417,Poly[di(n-hexyl) itaconate],CCCCCCOC(=O)CC(=C)C(=O)OCCCCCC,,,17.5,87000.0,255.0,,,,,,,"InChI=1S/C17H30O4/c1-4-6-8-10-12-20-16(18)14-15(3)17(19)21-13-11-9-7-5-2/h3-14H2,1-2H3"
418,Poly(2-methoxystyrene),C=Cc1ccccc1OC,122.4,1.1,19.4,46200.0,348.0,,,1.59,,,,"InChI=1S/C9H10O/c1-3-8-6-4-5-7-9(8)10-2/h3-7H,1H2,2H3"
419,Poly(alpha-methylstyrene),CC(=C)c1ccccc1,110.4,1.07,18.4,37200.0,445.0,150.0,16000.0,1.59,,,,"InChI=1S/C9H10/c1-8(2)9-6-4-3-5-7-9/h3-7H,1H2,2H3"
420,Poly(2-methylstyrene),C=Cc1ccccc1C,114.9,1.03,18.8,40700.0,409.0,,,1.58,,,,"InChI=1S/C9H10/c1-3-9-7-5-4-6-8(9)2/h3-7H,1H2,2H3"
421,Poly(3-methylstyrene),C=Cc1cccc(c1)C,115.0,1.03,18.8,40800.0,370.0,,,,,,,"InChI=1S/C9H10/c1-3-9-6-4-5-8(2)7-9/h3-7H,1H2,2H3"
422,Poly(4-methylstyrene),C=Cc1ccc(cc1)C,115.1,1.03,18.8,40800.0,380.0,150.0,25000.0,1.58,,,,"InChI=1S/C9H10/c1-3-9-6-4-8(2)5-7-9/h3-7H,1H2,2H3"
423,Polystyrene,C=Cc1ccccc1,99.2,1.05,18.3,33300.0,373.0,126.0,16500.0,1.59,,,,"InChI=1S/C8H8/c1-2-8-6-4-3-5-7-8/h2-7H,1H2"
424,Poly(4-tert-butylstyrene),C=Cc1ccc(cc1)C(C)(C)C,168.7,0.95,16.6,46500.0,402.0,,22000.0,,,,,"InChI=1S/C12H16/c1-5-10-6-8-11(9-7-10)12(2,3)4/h5-9H,1H2,2-4H3"
425,Poly(butylene),CCC=C,65.2,0.859,,,245.0,118.0,12300.0,1.5,,,,"InChI=1S/C4H8/c1-3-4-2/h3H,1,4H2,2H3"
426,Poly(butyl ethylene),CCCCC=C,97.3,0.86,,,,,,,,,,"InChI=1S/C6H12/c1-3-5-6-4-2/h3H,1,4-6H2,2H3"
427,Poly(cyclohexylethylene),C=CC1CCCCC1,117.9,0.94,16.9,33100.0,400.0,,44000.0,,,,,"InChI=1S/C8H14/c1-2-8-6-4-3-5-7-8/h2,8H,1,3-7H2"
428,Poly(ethylene),C=C,32.9,0.85,16.7,9200.0,,63.0,1150.0,1.48,,,,InChI=1S/C2H4/c1-2/h1-2H2
429,Polynonene,CCCCCCCC=C,,,,,,,,,,,,"InChI=1S/C9H18/c1-3-5-7-9-8-6-4-2/h3H,1,4-9H2,2H3"
430,Poly(octene),CCCCCCC=C,,,,,218.0,,,,,,,"InChI=1S/C8H16/c1-3-5-7-8-6-4-2/h3H,1,4-8H2,2H3"
431,Poly(isobutene),CC(=C)C,63.8,0.88,15.8,16300.0,202.0,110.0,7950.0,1.51,,,,"InChI=1S/C4H8/c1-4(2)3/h1H2,2-3H3"
432,Poly(isobutylethylene),C=CCC(C)C,100.7,0.84,14.5,21200.0,302.0,,,1.46,,,,"InChI=1S/C6H12/c1-4-5-6(2)3/h4,6H,1,5H2,2-3H3"
433,Poly(isopropylethylene),C=CC(C)C,78.1,0.9,17.8,24600.0,323.0,,,,,,,"InChI=1S/C5H10/c1-4-5(2)3/h4-5H,1H2,2-3H3"
434,Poly(butyl ethylene),C=C(C)CC,,,,,,,,,,,,"InChI=1S/C5H10/c1-4-5(2)3/h2,4H2,1,3H3"
435,Polydecene,CCCCCCCCC=C,,,,,,,,,,,,"InChI=1S/C10H20/c1-3-5-7-9-10-8-6-4-2/h3H,1,4-10H2,2H3"
436,Poly(1-heptene),CCCCCC=C,,,,,231.0,,,,,,,"InChI=1S/C7H14/c1-3-5-7-6-4-2/h3H,1,4-7H2,2H3"
437,Poly(propylene),CC=C,48.8,0.86,16.2,12800.0,264.0,89.5,4650.0,1.47,,,,"InChI=1S/C3H6/c1-3-2/h3H,1H2,2H3"
438,Polypentene,CCCC=C,,,,,238.0,143.1,,,,,,"InChI=1S/C5H10/c1-3-5-4-2/h3H,1,4-5H2,2H3"
439,Poly(tert-butylethylene),C=CC(C)(C)C,,,,,337.0,,,,,,,"InChI=1S/C6H12/c1-5-6(2,3)4/h5H,1H2,2-4H3"
440,Polyacetal,C=O,24.5,1.23,21.1,10900.0,211.0,61.0,2550.0,1.495,,,,InChI=1S/CH2O/c1-2/h1H2
441,Poly(3-butoxypropylene oxide),CCCCOCC1CO1,133.0,,,,,,,,,,,"InChI=1S/C7H14O2/c1-2-3-4-8-5-7-6-9-7/h7H,2-6H2,1H3"
442,Poly(epichlorohydrin),ClCC1CO1,68.9,1.34,19.7,26800.0,253.0,,,,,,,"InChI=1S/C3H5ClO/c4-1-3-2-5-3/h3H,1-2H2"
443,Poly(ethylene glycol),O1CC1,39.0,1.13,20.4,16200.0,,91.0,2000.0,1.46,,,,InChI=1S/C2H4O/c1-2-3-1/h1-2H2
444,Poly(hexamethylene glycol),C1CCCCOC1,,,,,,,,,,,,InChI=1S/C6H12O/c1-2-4-6-7-5-3-1/h1-6H2
445,Poly(glycidyl methyl ether),COCC1CO1,80.5,,,,,,,,,,,"InChI=1S/C4H8O2/c1-5-2-4-3-6-4/h4H,2-3H2,1H3"
446,Poly[oxy(hexyloxymethyl)ethylene],CCCCCCOCC1CO1,,,,,189.0,,,,,,,"InChI=1S/C9H18O2/c1-2-3-4-5-6-10-7-9-8-11-9/h9H,2-8H2,1H3"
447,Poly(oxymethylene-oxyethylene),C1COCO1,,,,,,,,,,,,InChI=1S/C3H6O2/c1-2-5-3-4-1/h1-3H2
448,Poly(oxymethylene-oxytetramethylene),,,,,,,,,,,,,
449,Poly(propylene glycol),CC1CO1,57.9,1.0,17.3,17200.0,203.0,111.5,,1.45,,,,"InChI=1S/C3H6O/c1-3-2-4-3/h3H,2H2,1H3"
450,Poly(tetrahydrofuran),C1CCCO1,73.7,0.98,17.5,22600.0,189.0,148.0,,1.48,,,,InChI=1S/C4H8O/c1-2-4-5-3-1/h1-4H2
451,Poly(trimethylene glycol),C1CCO1,,,,,197.0,,,,,,,InChI=1S/C3H6O/c1-2-4-3-1/h1-3H2
452,"Poly[1,1-bis(chloromethyl)trimethylene oxide]",C1C(CO1)(CCl)CCl,,,,,272.0,,,,,,,InChI=1S/C5H8Cl2O/c6-1-5(2-7)3-8-4-5/h1-4H2
453,Poly(bisphenol A isophthalate),OC(=O)c1cc(ccc1)C(=O)O.Oc1ccc(cc1)C(C)(C)c2ccc(cc2)O,,,,,462.0,,2450.0,,,,,"InChI=1S/C15H16O2.C8H6O4/c1-15(2,11-3-7-13(16)8-4-11)12-5-9-14(17)10-6-12;9-7(10)5-2-1-3-6(4-5)8(11)12/h3-10,16-17H,1-2H3;1-4H,(H,9,10)(H,11,12)"
454,Poly(Bisphenol A terephthalate),OC(=O)c1ccc(cc1)C(=O)O.Oc1ccc(cc1)C(C)(C)c2ccc(cc2)O,,,,,472.0,,1395.0,,,,,"InChI=1S/C15H16O2.C8H6O4/c1-15(2,11-3-7-13(16)8-4-11)12-5-9-14(17)10-6-12;9-7(10)5-1-2-6(4-3-5)8(11)12/h3-10,16-17H,1-2H3;1-4H,(H,9,10)(H,11,12)"
455,Poly(butylene adipate),OC(=O)CCCCC(=O)O.OCCCCO,179.0,1.12,,,202.0,394.0,,,,,,"InChI=1S/C6H10O4.C4H10O2/c7-5(8)3-1-2-4-6(9)10;5-3-1-2-4-6/h1-4H2,(H,7,8)(H,9,10);5-6H,1-4H2"
456,Poly(butylene isophthalate),OC(=O)c1cccc(c1)C(=O)O.OCCCCO,,,,,297.0,,,,,,,"InChI=1S/C8H6O4.C4H10O2/c9-7(10)5-2-1-3-6(4-5)8(11)12;5-3-1-2-4-6/h1-4H,(H,9,10)(H,11,12);5-6H,1-4H2"
457,Poly(butylene sebacate),OC(=O)CCCCCCCCC(=O)O.OCCCCO,,,,,214.0,,,,,,,"InChI=1S/C10H18O4.C4H10O2/c11-9(12)7-5-3-1-2-4-6-8-10(13)14;5-3-1-2-4-6/h1-8H2,(H,11,12)(H,13,14);5-6H,1-4H2"
458,Poly(butylene sebacate),OC(=O)CCC(=O)O.OCCCCO,,,,,237.0,,,,,,,"InChI=1S/C4H6O4.C4H10O2/c5-3(6)1-2-4(7)8;5-3-1-2-4-6/h1-2H2,(H,5,6)(H,7,8);5-6H,1-4H2"
459,Poly[(tetramethylene terephthalate),OC(=O)c1ccc(cc1)C(=O)O.OCCCCO,175.5,1.26,22.4,87700.0,313.0,268.0,,,,,,"InChI=1S/C8H6O4.C4H10O2/c9-7(10)5-1-2-6(4-3-5)8(11)12;5-3-1-2-4-6/h1-4H,(H,9,10)(H,11,12);5-6H,1-4H2"
460,Poly(ethylene sebacate),OC(=O)CCCCCCCCC(=O)O.OCCO,,,,,244.0,449.0,,,,,,"InChI=1S/C10H18O4.C2H6O2/c11-9(12)7-5-3-1-2-4-6-8-10(13)14;3-1-2-4/h1-8H2,(H,11,12)(H,13,14);3-4H,1-2H2"
461,Poly(ethylene succinate),OC(=O)CCC(=O)O.OCCO,,,,,267.0,,,1.47,,,,"InChI=1S/C4H6O4.C2H6O2/c5-3(6)1-2-4(7)8;3-1-2-4/h1-2H2,(H,5,6)(H,7,8);3-4H,1-2H2"
462,Poly(caprolactone),O=C1CCCCCO1,102.3,1.12,19.2,37350.0,208.0,207.0,,1.46,,,,InChI=1S/C6H10O2/c7-6-4-2-1-3-5-8-6/h1-5H2
463,PCT,OC(=O)c1ccc(cc1)C(=O)O.OCC1CCC(CC1)CO,229.5,1.2,,,364.0,,,,,,,"InChI=1S/C8H6O4.C8H16O2/c9-7(10)5-1-2-6(4-3-5)8(11)12;9-5-7-1-2-8(6-10)4-3-7/h1-4H,(H,9,10)(H,11,12);7-10H,1-6H2"
464,Poly(ethylene adipate),OC(=O)CCCCC(=O)O.OCCO,141.0,1.22,19.8,,230.0,,,,,,,"InChI=1S/C6H10O4.C2H6O2/c7-5(8)3-1-2-4-6(9)10;3-1-2-4/h1-4H2,(H,7,8)(H,9,10);3-4H,1-2H2"
465,Poly(ethylene isophthalate),OC(=O)c1cccc(c1)C(=O)O.OCCO,144.0,1.335,23.3,77800.0,324.0,,4950.0,,,,,"InChI=1S/C8H6O4.C2H6O2/c9-7(10)5-2-1-3-6(4-5)8(11)12;3-1-2-4/h1-4H,(H,9,10)(H,11,12);3-4H,1-2H2"
466,Poly(ethylene naphthalate) ,OC(=O)c1ccc2c(c1)ccc(c2)C(=O)O.OCCO,179.0,1.35,,,392.0,,,,,,,"InChI=1S/C12H8O4.C2H6O2/c13-11(14)9-3-1-7-5-10(12(15)16)4-2-8(7)6-9;3-1-2-4/h1-6H,(H,13,14)(H,15,16);3-4H,1-2H2"
467,Poly(ethylene phthalate) ,OC(=O)c1ccccc1C(=O)O.OCCO,143.6,1.34,,,297.0,,,,,,,"InChI=1S/C8H6O4.C2H6O2/c9-7(10)5-3-1-2-4-6(5)8(11)12;3-1-2-4/h1-4H,(H,9,10)(H,11,12);3-4H,1-2H2"
468,Poly(ethylene terephthalate),OC(=O)c1ccc(cc1)C(=O)O.OCCO,144.0,1.34,21.2,64800.0,344.0,219.0,1700.0,1.58,,,,"InChI=1S/C8H6O4.C2H6O2/c9-7(10)5-1-2-6(4-3-5)8(11)12;3-1-2-4/h1-4H,(H,9,10)(H,11,12);3-4H,1-2H2"
469,Polyglycolide,O=C1OCC(=O)OC1,38.3,1.52,23.1,20500.0,312.0,112.0,,1.51,,,,InChI=1S/C4H4O4/c5-3-1-7-4(6)2-8-3/h1-2H2
470,Poly(hexyylene sebacate),OC(=O)CCCCCCCCC(=O)O.OCCCCCCO,,,,,,,,,,,,"InChI=1S/C10H18O4.C6H14O2/c11-9(12)7-5-3-1-2-4-6-8-10(13)14;7-5-3-1-2-4-6-8/h1-8H2,(H,11,12)(H,13,14);7-8H,1-6H2"
471,Poly(hexylene succinate),OC(=O)CCC(=O)O.OCCCCCCO,,,,,220.0,,,,,,,"InChI=1S/C6H14O2.C4H6O4/c7-5-3-1-2-4-6-8;5-3(6)1-2-4(7)8/h7-8H,1-6H2;1-2H2,(H,5,6)(H,7,8)"
472,Polyhydroxybutyrate,CC1CC(=O)O1,70.7,1.22,19.2,,276.0,,,,,,,"InChI=1S/C4H6O2/c1-3-2-4(5)6-3/h3H,2H2,1H3"
474,Polylactic acid,OC(=O)C(O)C,57.2,1.26,20.2,23300.0,332.0,99.0,8700.0,1.47,,,,"InChI=1S/C3H6O3/c1-2(4)3(5)6/h2,4H,1H3,(H,5,6)"
475,Poly(propylene adipate),OC(=O)CCCCC(=O)O.OCCCO,,,,,,,,,,,,"InChI=1S/C6H10O4.C3H8O2/c7-5(8)3-1-2-4-6(9)10;4-2-1-3-5/h1-4H2,(H,7,8)(H,9,10);4-5H,1-3H2"
476,Poly(propylene sebacate),OC(=O)CCC(=O)O.OCCCO,,,,,,,,,,,,"InChI=1S/C4H6O4.C3H8O2/c5-3(6)1-2-4(7)8;4-2-1-3-5/h1-2H2,(H,5,6)(H,7,8);4-5H,1-3H2"
477,Poly(trimethylene terephthalate),OC(=O)c1ccc(cc1)C(=O)O.OCCCO,153.9,1.34,,,327.0,,,,,,,"InChI=1S/C8H6O4.C3H8O2/c9-7(10)5-1-2-6(4-3-5)8(11)12;4-2-1-3-5/h1-4H,(H,9,10)(H,11,12);4-5H,1-3H2"
478,Poly(acrylonitrile),C=CC#N,44.8,1.18,26.2,30700.0,383.0,69.0,3100.0,1.51,,,,"InChI=1S/C3H3N/c1-2-3-4/h2H,1H2"
479,Poly(methacrylonitrile),CC(=C)C#N,60.2,1.11,22.9,31600.0,388.0,,,1.56,,,,"InChI=1S/C4H5N/c1-4(2)3-5/h1H2,2H3"
480,Nylon 3,C1CNC1=O,,,,,384.0,,,,,,,"InChI=1S/C3H5NO/c5-3-1-2-4-3/h1-2H2,(H,4,5)"
481,Nylon 6,O=C1CCCCCN1,104.4,1.08,25.5,67600.0,324.0,166.0,2500.0,1.53,,,,"InChI=1S/C6H11NO/c8-6-4-2-1-3-5-7-6/h1-5H2,(H,7,8)"
482,Nylon 8,O=C1CCCCCCCN1,135.9,1.04,24.5,82700.0,324.0,,,,,,,"InChI=1S/C8H15NO/c10-8-6-4-2-1-3-5-7-9-8/h1-7H2,(H,9,10)"
483,Nylon 12,NCCCCCCCCCC(=O)O,,,,,315.0,,,,,,,"InChI=1S/C10H21NO2/c11-9-7-5-3-1-2-4-6-8-10(12)13/h1-9,11H2,(H,12,13)"
484,Nylon 11,NCCCCCCCCCCC(=O)O,180.1,1.02,,,,,,,,,,"InChI=1S/C11H23NO2/c12-10-8-6-4-2-1-3-5-7-9-11(13)14/h1-10,12H2,(H,13,14)"
485,Nylon 12,NCCCCCCCCCCCC(=O)O,197.3,1.0,,,313.0,,,1.53,,,,"InChI=1S/C12H25NO2/c13-11-9-7-5-3-1-2-4-6-8-10-12(14)15/h1-11,13H2,(H,14,15)"
486,Nylon 6-6,NCCCCCCN.OC(=O)CCCCC(=O)O,209.9,1.08,26.0,143100.0,324.0,328.0,2000.0,1.53,,,,"InChI=1S/C6H16N2.C6H10O4/c7-5-3-1-2-4-6-8;7-5(8)3-1-2-4-6(9)10/h1-8H2;1-4H2,(H,7,8)(H,9,10)"
487,Nylon 6-9,OC(=O)CCCCCCCC(=O)O.NCCCCCCN,249.0,1.08,,,332.0,,,,,,,"InChI=1S/C9H16O4.C6H16N2/c10-8(11)6-4-2-1-3-5-7-9(12)13;7-5-3-1-2-4-6-8/h1-7H2,(H,10,11)(H,12,13);1-8H2"
488,Nylon 6-10,OC(=O)CCCCCCCCC(=O)O.NCCCCCCN,271.5,1.04,,,323.0,448.5,,1.54,,,,"InChI=1S/C10H18O4.C6H16N2/c11-9(12)7-5-3-1-2-4-6-8-10(13)14;7-5-3-1-2-4-6-8/h1-8H2,(H,11,12)(H,13,14);1-8H2"
489,Nylon 6-12,NCCCCCCN.OC(=O)CCCCCCCCCCC(=O)O,292.9,1.06,,,319.0,482.0,,1.53,,,,"InChI=1S/C12H22O4.C6H16N2/c13-11(14)9-7-5-3-1-2-4-6-8-10-12(15)16;7-5-3-1-2-4-6-8/h1-10H2,(H,13,14)(H,15,16);1-8H2"
490,Nylon 10-10,OC(=O)CCCCCCCCC(=O)O.NCCCCCCCCCCN,329.0,1.03,,,323.0,,,,,,,"InChI=1S/C10H24N2.C10H18O4/c11-9-7-5-3-1-2-4-6-8-10-12;11-9(12)7-5-3-1-2-4-6-8-10(13)14/h1-12H2;1-8H2,(H,11,12)(H,13,14)"
491,PA 6T,NCCCCCCN.ClC(=O)c1ccc(cc1)C(=O)Cl,,,,,412.0,,,1.58,,,,InChI=1S/C8H4Cl2O2.C6H16N2/c9-7(11)5-1-2-6(4-3-5)8(10)12;7-5-3-1-2-4-6-8/h1-4H;1-8H2
492,Kevlar,Nc1ccc(cc1)N.ClC(=O)c1ccc(cc1)C(=O)Cl,,,26.0,127700.0,600.0,,,,,,,"InChI=1S/C8H4Cl2O2.C6H8N2/c9-7(11)5-1-2-6(4-3-5)8(10)12;7-5-1-2-6(8)4-3-5/h1-4H;1-4H,7-8H2"
493,Poly(m-phenylene terephthalamide),Nc1cc(ccc1)N.ClC(=O)c1cc(ccc1)C(=O)Cl,175.9,1.36,,,537.0,,,,,,,"InChI=1S/C8H4Cl2O2.C6H8N2/c9-7(11)5-2-1-3-6(4-5)8(10)12;7-5-2-1-3-6(8)4-5/h1-4H;1-4H,7-8H2"
494,PA 9T,NCCCCCCCCCN.ClC(=O)c1ccc(cc1)C(=O)Cl,,,,,394.0,,,,,,,InChI=1S/C9H22N2.C8H4Cl2O2/c10-8-6-4-2-1-3-5-7-9-11;9-7(11)5-1-2-6(4-3-5)8(10)12/h1-11H2;1-4H
495,"Poly(1,2-butadiene)",C=CC=C,59.3,0.91,17.3,17800.0,268.0,,3700.0,1.5,,,,"InChI=1S/C4H6/c1-3-4-2/h3-4H,1-2H2"
496,"Poly(1,4-butadiene)",C=CC=C,59.7,,17.0,17300.0,171.0,101.0,2600.0,1.53,,,,"InChI=1S/C4H6/c1-3-4-2/h3-4H,1-2H2"
497,Poly(1-pentenylene),C1CC=CC1,76.0,,,,178.0,,,,,,,"InChI=1S/C5H8/c1-2-4-5-3-1/h1-2H,3-5H2"
498,"Poly(1-ethyl-1,4-butadiene)",CCC=CC=C,92.2,,,,,,7400.0,,,,,"InChI=1S/C6H10/c1-3-5-6-4-2/h3,5-6H,1,4H2,2H3"
499,Polyisoprene,CC=CC=C,,0.91,16.5,20600.0,,,4800.0,,,,,"InChI=1S/C5H8/c1-3-5-4-2/h3-5H,1H2,2H3"
500,"Poly(1,4-pentadiene)",C=CCC=C,76.5,0.89,,,,,,,,,,"InChI=1S/C5H8/c1-3-5-4-2/h3-4H,1-2,5H2"
501,Poly(1-pentenylene),C1CC=CC1,76.0,,,,178.0,,,,,,,"InChI=1S/C5H8/c1-2-4-5-3-1/h1-2H,3-5H2"
502,DGEBA Epoxy Resin,CC(C)(c1ccc(cc1)O)c2ccc(cc2)O.C1C(O1)CCl,242.0,1.18,22.1,123000.0,372.0,,1600.0,1.598,,,,"InChI=1S/C15H16O2.C3H5ClO/c1-15(2,11-3-7-13(16)8-4-11)12-5-9-14(17)10-6-12;4-1-3-2-5-3/h3-10,16-17H,1-2H3;3H,1-2H2"
504,DGEBA/Edamine Epoxy,CC(c1ccc(cc1)OCC1OC1)(c1ccc(cc1)OCC1OC1)C.NCCN,,,22.4,176800.0,410.0,,,,,,,"InChI=1S/C21H24O4.C2H8N2/c1-21(2,15-3-7-17(8-4-15)22-11-19-13-24-19)16-5-9-18(10-6-16)23-12-20-14-25-20;3-1-2-4/h3-10,19-20H,11-14H2,1-2H3;1-4H2"
505,DGEBA/Hexamine Epoxy,CC(c1ccc(cc1)OCC1OC1)(c1ccc(cc1)OCC1OC1)C.NCCCCCCN,,,21.2,187000.0,386.0,,,,,,,"InChI=1S/C21H24O4.C6H16N2/c1-21(2,15-3-7-17(8-4-15)22-11-19-13-24-19)16-5-9-18(10-6-16)23-12-20-14-25-20;7-5-3-1-2-4-6-8/h3-10,19-20H,11-14H2,1-2H3;1-8H2"
506,DGEBA/Octanediamine Epoxy,CC(c1ccc(cc1)OCC1OC1)(c1ccc(cc1)OCC1OC1)C.NCCCCCCCCN,,,20.7,191600.0,376.0,,,,,,,"InChI=1S/C21H24O4.C8H20N2/c1-21(2,15-3-7-17(8-4-15)22-11-19-13-24-19)16-5-9-18(10-6-16)23-12-20-14-25-20;9-7-5-3-1-2-4-6-8-10/h3-10,19-20H,11-14H2,1-2H3;1-10H2"
507,Poly(p-phenylene),Brc1ccc(cc1)Br,68.6,1.11,,,,84.5,,,,,,InChI=1S/C6H4Br2/c7-5-1-2-6(8)4-3-5/h1-4H
508,Poly(p-xylene),C1Cc2ccc(cc2)CCc2ccc1cc2,99.2,1.05,,,343.0,135.0,,1.57,,,,"InChI=1S/C16H16/c1-2-14-4-3-13(1)9-10-15-5-7-16(8-6-15)12-11-14/h1-8H,9-12H2"
509,Poly(2-chloro-p-xylylene),Clc1cc2CCc3ccc(CCc1cc2)cc3Cl,108.0,1.28,,,358.0,,,1.59,,,,"InChI=1S/C16H14Cl2/c17-15-9-11-1-5-13(15)8-4-12-2-6-14(7-3-11)16(18)10-12/h1-2,5-6,9-10H,3-4,7-8H2"
510,"Poly(2,6-dimethyl-p-phenylene oxide)",Oc1c(C)cccc1(C),112.8,1.06,18.3,37600.0,483.0,149.0,3550.0,1.58,,,,"InChI=1S/C8H10O/c1-6-4-3-5-7(2)8(6)9/h3-5,9H,1-2H3"
511,"Poly(2,6-diphenyl-p-phenylene oxide)",Oc1c(cccc1c1ccccc1)c1ccccc1,214.3,1.14,,,497.0,273.0,,1.6,,,,"InChI=1S/C18H14O/c19-18-16(14-8-3-1-4-9-14)12-7-13-17(18)15-10-5-2-6-11-15/h1-13,19H"
512,Poly(p-phenylene oxide),Brc1ccc(Br)cc1.Oc1ccccc1,73.8,,,,361.0,,4000.0,,,,,"InChI=1S/C6H4Br2.C6H6O/c7-5-1-2-6(8)4-3-5;7-6-4-2-1-3-5-6/h1-4H;1-5,7H"
513,Poly(2-methoxystyrene),C=Cc1ccccc1OC,122.4,1.1,19.4,46200.0,348.0,,,1.59,,,,"InChI=1S/C9H10O/c1-3-8-6-4-5-7-9(8)10-2/h3-7H,1H2,2H3"
514,Poly(alpha-methylstyrene),CC(=C)c1ccccc1,110.4,1.07,18.4,37200.0,445.0,150.0,16000.0,1.59,,,,"InChI=1S/C9H10/c1-8(2)9-6-4-3-5-7-9/h3-7H,1H2,2H3"
515,Poly(2-methylstyrene),C=Cc1ccccc1C,114.9,1.03,18.8,40700.0,409.0,,,1.58,,,,"InChI=1S/C9H10/c1-3-9-7-5-4-6-8(9)2/h3-7H,1H2,2H3"
516,Poly(3-methylstyrene),C=Cc1cccc(c1)C,115.0,1.03,18.8,40800.0,370.0,,,,,,,"InChI=1S/C9H10/c1-3-9-6-4-5-8(2)7-9/h3-7H,1H2,2H3"
517,Poly(4-methylstyrene),C=Cc1ccc(cc1)C,115.1,1.03,18.8,40800.0,380.0,150.0,25000.0,1.58,,,,"InChI=1S/C9H10/c1-3-9-6-4-8(2)5-7-9/h3-7H,1H2,2H3"
518,Polystyrene,C=Cc1ccccc1,99.2,1.05,18.3,33300.0,373.0,126.0,16500.0,1.59,,,,"InChI=1S/C8H8/c1-2-8-6-4-3-5-7-8/h2-7H,1H2"
519,Poly(4-tert-butylstyrene),C=Cc1ccc(cc1)C(C)(C)C,168.7,0.95,16.6,46500.0,402.0,,22000.0,,,,,"InChI=1S/C12H16/c1-5-10-6-8-11(9-7-10)12(2,3)4/h5-9H,1H2,2-4H3"
520,Poly(ether ether sulfone),Oc1ccc(cc1)O.Clc1ccc(cc1)S(=O)(=O)c1ccc(cc1)Cl,,,,,479.0,,,,,,,"InChI=1S/C12H8Cl2O2S.C6H6O2/c13-9-1-5-11(6-2-9)17(15,16)12-7-3-10(14)4-8-12;7-5-1-2-6(8)4-3-5/h1-8H;1-4,7-8H"
521,Poly(ethersulfone),Clc1ccc(cc1)S(=O)(=O)c1ccc(cc1)Cl.Oc1ccc(cc1)S(=O)(=O)c1ccc(cc1)O,169.3,1.37,23.0,89800.0,489.0,,,1.55,,,,"InChI=1S/C12H8Cl2O2S.C12H10O4S/c2*13-9-1-5-11(6-2-9)17(15,16)12-7-3-10(14)4-8-12/h1-8H;1-8,13-14H"
522,Poly(phenylsulfone),Oc1ccc(cc1)c1ccc(cc1)O.Clc1ccc(cc1)S(=O)(=O)c1ccc(cc1)Cl,310.4,1.29,,,482.0,,1600.0,1.67,,,,"InChI=1S/C12H8Cl2O2S.C12H10O2/c13-9-1-5-11(6-2-9)17(15,16)12-7-3-10(14)4-8-12;13-11-5-1-9(2-6-11)10-3-7-12(14)8-4-10/h1-8H;1-8,13-14H"
523,Bisphenol A Polysulfone,CC(c1ccc(cc1)O)(c1ccc(cc1)O)C.Clc1ccc(cc1)S(=O)(=O)c1ccc(cc1)Cl,358.2,1.24,21.2,160500.0,459.0,,2300.0,1.64,,,,"InChI=1S/C15H16O2.C12H8Cl2O2S/c1-15(2,11-3-7-13(16)8-4-11)12-5-9-14(17)10-6-12;13-9-1-5-11(6-2-9)17(15,16)12-7-3-10(14)4-8-12/h3-10,16-17H,1-2H3;1-8H"
524,"Poly(1,4-phenylene sulfide)",Clc1ccc(cc1)Cl.[Na]S[Na],80.1,1.33,,,363.0,110.0,,,,,,InChI=1S/C6H4Cl2.2Na.S/c7-5-1-2-6(8)4-3-5;;;/h1-4H;;;
525,Poly(ethylene sulfide),ClCCCl.[Na]S[Na],46.4,1.3,18.9,16700.0,223.0,,,,,,,InChI=1S/C2H4Cl2.2Na.S/c3-1-2-4;;;/h1-2H2;;;
526,Poly(propylene sulfide),ClCC(C)Cl.[Na]S[Na],68.2,1.08,17.9,21900.0,227.0,,,1.6,,,,"InChI=1S/C3H6Cl2.2Na.S/c1-3(5)2-4;;;/h3H,2H2,1H3;;;"
527,Poly(bisphenol A isophthalate),OC(=O)c1cc(ccc1)C(=O)O.Oc1ccc(cc1)C(C)(C)c2ccc(cc2)O,,,,,462.0,,2450.0,,,,,"InChI=1S/C15H16O2.C8H6O4/c1-15(2,11-3-7-13(16)8-4-11)12-5-9-14(17)10-6-12;9-7(10)5-2-1-3-6(4-5)8(11)12/h3-10,16-17H,1-2H3;1-4H,(H,9,10)(H,11,12)"
528,Poly(Bisphenol A terephthalate),OC(=O)c1ccc(cc1)C(=O)O.Oc1ccc(cc1)C(C)(C)c2ccc(cc2)O,,,,,472.0,,1395.0,,,,,"InChI=1S/C15H16O2.C8H6O4/c1-15(2,11-3-7-13(16)8-4-11)12-5-9-14(17)10-6-12;9-7(10)5-1-2-6(4-3-5)8(11)12/h3-10,16-17H,1-2H3;1-4H,(H,9,10)(H,11,12)"
529,Poly(butylene adipate),OC(=O)CCCCC(=O)O.OCCCCO,179.0,1.12,,,202.0,394.0,,,,,,"InChI=1S/C6H10O4.C4H10O2/c7-5(8)3-1-2-4-6(9)10;5-3-1-2-4-6/h1-4H2,(H,7,8)(H,9,10);5-6H,1-4H2"
530,Poly(butylene isophthalate),OC(=O)c1cccc(c1)C(=O)O.OCCCCO,,,,,297.0,,,,,,,"InChI=1S/C8H6O4.C4H10O2/c9-7(10)5-2-1-3-6(4-5)8(11)12;5-3-1-2-4-6/h1-4H,(H,9,10)(H,11,12);5-6H,1-4H2"
531,Poly(butylene sebacate),OC(=O)CCCCCCCCC(=O)O.OCCCCO,,,,,214.0,,,,,,,"InChI=1S/C10H18O4.C4H10O2/c11-9(12)7-5-3-1-2-4-6-8-10(13)14;5-3-1-2-4-6/h1-8H2,(H,11,12)(H,13,14);5-6H,1-4H2"
532,Poly(butylene sebacate),OC(=O)CCC(=O)O.OCCCCO,,,,,237.0,,,,,,,"InChI=1S/C4H6O4.C4H10O2/c5-3(6)1-2-4(7)8;5-3-1-2-4-6/h1-2H2,(H,5,6)(H,7,8);5-6H,1-4H2"
533,Poly[(tetramethylene terephthalate),OC(=O)c1ccc(cc1)C(=O)O.OCCCCO,175.5,1.26,22.4,87700.0,313.0,268.0,,,,,,"InChI=1S/C8H6O4.C4H10O2/c9-7(10)5-1-2-6(4-3-5)8(11)12;5-3-1-2-4-6/h1-4H,(H,9,10)(H,11,12);5-6H,1-4H2"
534,Poly(ethylene sebacate),OC(=O)CCCCCCCCC(=O)O.OCCO,,,,,244.0,449.0,,,,,,"InChI=1S/C10H18O4.C2H6O2/c11-9(12)7-5-3-1-2-4-6-8-10(13)14;3-1-2-4/h1-8H2,(H,11,12)(H,13,14);3-4H,1-2H2"
535,Poly(ethylene succinate),OC(=O)CCC(=O)O.OCCO,,,,,267.0,,,1.47,,,,"InChI=1S/C4H6O4.C2H6O2/c5-3(6)1-2-4(7)8;3-1-2-4/h1-2H2,(H,5,6)(H,7,8);3-4H,1-2H2"
536,Poly(caprolactone),O=C1CCCCCO1,102.3,1.12,19.2,37350.0,208.0,207.0,,1.46,,,,InChI=1S/C6H10O2/c7-6-4-2-1-3-5-8-6/h1-5H2
537,PCT,OC(=O)c1ccc(cc1)C(=O)O.OCC1CCC(CC1)CO,229.5,1.2,,,364.0,,,,,,,"InChI=1S/C8H6O4.C8H16O2/c9-7(10)5-1-2-6(4-3-5)8(11)12;9-5-7-1-2-8(6-10)4-3-7/h1-4H,(H,9,10)(H,11,12);7-10H,1-6H2"
538,Poly(ethylene adipate),OC(=O)CCCCC(=O)O.OCCO,141.0,1.22,19.8,,230.0,,,,,,,"InChI=1S/C6H10O4.C2H6O2/c7-5(8)3-1-2-4-6(9)10;3-1-2-4/h1-4H2,(H,7,8)(H,9,10);3-4H,1-2H2"
539,Poly(ethylene isophthalate),OC(=O)c1cccc(c1)C(=O)O.OCCO,144.0,1.335,23.3,77800.0,324.0,,4950.0,,,,,"InChI=1S/C8H6O4.C2H6O2/c9-7(10)5-2-1-3-6(4-5)8(11)12;3-1-2-4/h1-4H,(H,9,10)(H,11,12);3-4H,1-2H2"
540,Poly(ethylene naphthalate) ,OC(=O)c1ccc2c(c1)ccc(c2)C(=O)O.OCCO,179.0,1.35,,,392.0,,,,,,,"InChI=1S/C12H8O4.C2H6O2/c13-11(14)9-3-1-7-5-10(12(15)16)4-2-8(7)6-9;3-1-2-4/h1-6H,(H,13,14)(H,15,16);3-4H,1-2H2"
541,Poly(ethylene phthalate) ,OC(=O)c1ccccc1C(=O)O.OCCO,143.6,1.34,,,297.0,,,,,,,"InChI=1S/C8H6O4.C2H6O2/c9-7(10)5-3-1-2-4-6(5)8(11)12;3-1-2-4/h1-4H,(H,9,10)(H,11,12);3-4H,1-2H2"
542,Poly(ethylene terephthalate),OC(=O)c1ccc(cc1)C(=O)O.OCCO,144.0,1.34,21.2,64800.0,344.0,219.0,1700.0,1.58,,,,"InChI=1S/C8H6O4.C2H6O2/c9-7(10)5-1-2-6(4-3-5)8(11)12;3-1-2-4/h1-4H,(H,9,10)(H,11,12);3-4H,1-2H2"
543,Polyglycolide,O=C1OCC(=O)OC1,38.3,1.52,23.1,20500.0,312.0,112.0,,1.51,,,,InChI=1S/C4H4O4/c5-3-1-7-4(6)2-8-3/h1-2H2
544,Poly(hexyylene sebacate),OC(=O)CCCCCCCCC(=O)O.OCCCCCCO,,,,,,,,,,,,"InChI=1S/C10H18O4.C6H14O2/c11-9(12)7-5-3-1-2-4-6-8-10(13)14;7-5-3-1-2-4-6-8/h1-8H2,(H,11,12)(H,13,14);7-8H,1-6H2"
545,Poly(hexylene succinate),OC(=O)CCC(=O)O.OCCCCCCO,,,,,220.0,,,,,,,"InChI=1S/C6H14O2.C4H6O4/c7-5-3-1-2-4-6-8;5-3(6)1-2-4(7)8/h7-8H,1-6H2;1-2H2,(H,5,6)(H,7,8)"
546,Polyhydroxybutyrate,CC1CC(=O)O1,70.7,1.22,19.2,,276.0,,,,,,,"InChI=1S/C4H6O2/c1-3-2-4(5)6-3/h3H,2H2,1H3"
548,Polylactic acid,OC(=O)C(O)C,57.2,1.26,20.2,23300.0,332.0,99.0,8700.0,1.47,,,,"InChI=1S/C3H6O3/c1-2(4)3(5)6/h2,4H,1H3,(H,5,6)"
549,Poly(propylene adipate),OC(=O)CCCCC(=O)O.OCCCO,,,,,,,,,,,,"InChI=1S/C6H10O4.C3H8O2/c7-5(8)3-1-2-4-6(9)10;4-2-1-3-5/h1-4H2,(H,7,8)(H,9,10);4-5H,1-3H2"
550,Poly(propylene sebacate),OC(=O)CCC(=O)O.OCCCO,,,,,,,,,,,,"InChI=1S/C4H6O4.C3H8O2/c5-3(6)1-2-4(7)8;4-2-1-3-5/h1-2H2,(H,5,6)(H,7,8);4-5H,1-3H2"
551,Poly(trimethylene terephthalate),OC(=O)c1ccc(cc1)C(=O)O.OCCCO,153.9,1.34,,,327.0,,,,,,,"InChI=1S/C8H6O4.C3H8O2/c9-7(10)5-1-2-6(4-3-5)8(11)12;4-2-1-3-5/h1-4H,(H,9,10)(H,11,12);4-5H,1-3H2"
552,Poly(acrylic acid),OC(=O)C=C,51.1,1.41,,,374.0,,,1.51,,,,"InChI=1S/C3H4O2/c1-2-3(4)5/h2H,1H2,(H,4,5)"
553,Poly(benzyl acrylate),C=CC(=O)OCc1ccccc1,140.9,1.15,19.5,51700.0,282.0,,,1.57,,,,"InChI=1S/C10H10O2/c1-2-10(11)12-8-9-6-4-3-5-7-9/h2-7H,1,8H2"
554,Poly(butyl acrylate),CCCCOC(=O)C=C,118.7,1.08,18.5,40400.0,220.0,231.0,,1.47,,,,"InChI=1S/C7H12O2/c1-3-5-6-9-7(8)4-2/h4H,2-3,5-6H2,1H3"
555,Poly(4-chlorophenyl acrylate),C=CC(=O)Oc1ccc(cc1)Cl,140.0,1.05,19.6,53900.0,331.0,,,,,,,"InChI=1S/C9H7ClO2/c1-2-9(11)12-8-5-3-7(10)4-6-8/h2-6H,1H2"
556,Poly(2-cyanoethyl acrylate),C=CC(=O)OCCC#N,89.2,1.4,28.4,80100.0,277.0,,,,,,,"InChI=1S/C6H7NO2/c1-2-6(8)9-5-3-4-7/h2H,1,3,5H2"
557,Poly(cyanomethyl acrylate),C=CC(=O)OCC#N,82.1,1.35,26.3,56600.0,296.0,,,,,,,"InChI=1S/C5H5NO2/c1-2-5(7)8-4-3-6/h2H,1,4H2"
558,Poly(cyclohexyl acrylate),C=CC(=O)OC1CCCCC1,142.7,1.08,,,289.0,,,,,,,"InChI=1S/C9H14O2/c1-2-9(10)11-8-6-4-3-5-7-8/h2,8H,1,3-7H2"
559,Poly(ethyl acrylate),CCOC(=O)C=C,89.4,1.12,19.1,32800.0,250.0,180.0,8200.0,1.47,,,,"InChI=1S/C5H8O2/c1-3-5(6)7-4-2/h3H,1,4H2,2H3"
560,Poly(2-ethylhexyl acrylate),CCCCC(COC(=O)C=C)CC,191.8,0.96,18.5,65300.0,221.0,,,,,,,"InChI=1S/C11H20O2/c1-4-7-8-10(5-2)9-13-11(12)6-3/h6,10H,3-5,7-9H2,1-2H3"
561,Poly(hexyl acrylate),CCCCCCOC(=O)C=C,,,,,215.0,,,,,,,"InChI=1S/C9H16O2/c1-3-5-6-7-8-11-9(10)4-2/h4H,2-3,5-8H2,1H3"
562,Poly(isobutyl acrylate),C=CC(=O)OCC(C)C,119.3,1.07,18.2,39400.0,240.0,231.0,,,,,,"InChI=1S/C7H12O2/c1-4-7(8)9-5-6(2)3/h4,6H,1,5H2,2-3H3"
563,Poly(isopropyl acrylate),CC(C)OC(=O)C=C,,,,,271.0,,,1.47,,,,"InChI=1S/C6H10O2/c1-4-6(7)8-5(2)3/h4-5H,1H2,2-3H3"
564,Poly(methyl acrylate),COC(=O)C=C,70.4,1.22,20.0,28200.0,280.0,,10000.0,1.48,,,,"InChI=1S/C4H6O2/c1-3-4(5)6-2/h3H,1H2,2H3"
565,Poly(n-octyl acrylate),CCCCCCCCOC(=O)C=C,,,,,,,15200.0,1.46,,,,"InChI=1S/C11H20O2/c1-3-5-6-7-8-9-10-13-11(12)4-2/h4H,2-3,5-10H2,1H3"
566,Poly(propyl acrylate),CCCOC(=O)C=C,103.1,1.11,18.7,35900.0,231.0,,,,,,,"InChI=1S/C6H10O2/c1-3-5-8-6(7)4-2/h4H,2-3,5H2,1H3"
567,Poly(sec-butyl acrylate),CC(OC(=O)C=C)CC,122.1,1.05,,,253.0,,,,,,,"InChI=1S/C7H12O2/c1-4-6(3)9-7(8)5-2/h5-6H,2,4H2,1,3H3"
568,Poly(octadecyl acrylate),CCCCCCCCCCCCCCCCCCCCCCCCCCOC(=O)C=C,,,,,311.0,,,,,,,"InChI=1S/C29H56O2/c1-3-5-6-7-8-9-10-11-12-13-14-15-16-17-18-19-20-21-22-23-24-25-26-27-28-31-29(30)4-2/h4H,2-3,5-28H2,1H3"
569,Poly(tert-butyl acrylate),C=CC(=O)OC(C)(C)C,128.2,1.0,,,311.0,,,,,,,"InChI=1S/C7H12O2/c1-5-6(8)9-7(2,3)4/h5H,1H2,2-4H3"
570,Poly(tetrafluoropropyl acrylate),FC(F)C(F)(F)COC(=O)C(=C),,1.52,,,249.0,,,,,,,"InChI=1S/C6H6F4O2/c1-2-4(11)12-3-6(9,10)5(7)8/h2,5H,1,3H2"
571,Nylon 3,C1CNC1=O,,,,,384.0,,,,,,,"InChI=1S/C3H5NO/c5-3-1-2-4-3/h1-2H2,(H,4,5)"
572,Nylon 6,O=C1CCCCCN1,104.4,1.08,25.5,67600.0,324.0,166.0,2500.0,1.53,,,,"InChI=1S/C6H11NO/c8-6-4-2-1-3-5-7-6/h1-5H2,(H,7,8)"
573,Nylon 8,O=C1CCCCCCCN1,135.9,1.04,24.5,82700.0,324.0,,,,,,,"InChI=1S/C8H15NO/c10-8-6-4-2-1-3-5-7-9-8/h1-7H2,(H,9,10)"
574,Nylon 12,NCCCCCCCCCC(=O)O,,,,,315.0,,,,,,,"InChI=1S/C10H21NO2/c11-9-7-5-3-1-2-4-6-8-10(12)13/h1-9,11H2,(H,12,13)"
575,Nylon 11,NCCCCCCCCCCC(=O)O,180.1,1.02,,,,,,,,,,"InChI=1S/C11H23NO2/c12-10-8-6-4-2-1-3-5-7-9-11(13)14/h1-10,12H2,(H,13,14)"
576,Nylon 12,NCCCCCCCCCCCC(=O)O,197.3,1.0,,,313.0,,,1.53,,,,"InChI=1S/C12H25NO2/c13-11-9-7-5-3-1-2-4-6-8-10-12(14)15/h1-11,13H2,(H,14,15)"
577,Nylon 6-6,NCCCCCCN.OC(=O)CCCCC(=O)O,209.9,1.08,26.0,143100.0,324.0,328.0,2000.0,1.53,,,,"InChI=1S/C6H16N2.C6H10O4/c7-5-3-1-2-4-6-8;7-5(8)3-1-2-4-6(9)10/h1-8H2;1-4H2,(H,7,8)(H,9,10)"
578,Nylon 6-9,OC(=O)CCCCCCCC(=O)O.NCCCCCCN,249.0,1.08,,,332.0,,,,,,,"InChI=1S/C9H16O4.C6H16N2/c10-8(11)6-4-2-1-3-5-7-9(12)13;7-5-3-1-2-4-6-8/h1-7H2,(H,10,11)(H,12,13);1-8H2"
579,Nylon 6-10,OC(=O)CCCCCCCCC(=O)O.NCCCCCCN,271.5,1.04,,,323.0,448.5,,1.54,,,,"InChI=1S/C10H18O4.C6H16N2/c11-9(12)7-5-3-1-2-4-6-8-10(13)14;7-5-3-1-2-4-6-8/h1-8H2,(H,11,12)(H,13,14);1-8H2"
580,Nylon 6-12,NCCCCCCN.OC(=O)CCCCCCCCCCC(=O)O,292.9,1.06,,,319.0,482.0,,1.53,,,,"InChI=1S/C12H22O4.C6H16N2/c13-11(14)9-7-5-3-1-2-4-6-8-10-12(15)16;7-5-3-1-2-4-6-8/h1-10H2,(H,13,14)(H,15,16);1-8H2"
581,Nylon 10-10,OC(=O)CCCCCCCCC(=O)O.NCCCCCCCCCCN,329.0,1.03,,,323.0,,,,,,,"InChI=1S/C10H24N2.C10H18O4/c11-9-7-5-3-1-2-4-6-8-10-12;11-9(12)7-5-3-1-2-4-6-8-10(13)14/h1-12H2;1-8H2,(H,11,12)(H,13,14)"
582,PA 6T,NCCCCCCN.ClC(=O)c1ccc(cc1)C(=O)Cl,,,,,412.0,,,1.58,,,,InChI=1S/C8H4Cl2O2.C6H16N2/c9-7(11)5-1-2-6(4-3-5)8(10)12;7-5-3-1-2-4-6-8/h1-4H;1-8H2
583,Kevlar,Nc1ccc(cc1)N.ClC(=O)c1ccc(cc1)C(=O)Cl,,,26.0,127700.0,600.0,,,,,,,"InChI=1S/C8H4Cl2O2.C6H8N2/c9-7(11)5-1-2-6(4-3-5)8(10)12;7-5-1-2-6(8)4-3-5/h1-4H;1-4H,7-8H2"
584,Poly(m-phenylene terephthalamide),Nc1cc(ccc1)N.ClC(=O)c1cc(ccc1)C(=O)Cl,175.9,1.36,,,537.0,,,,,,,"InChI=1S/C8H4Cl2O2.C6H8N2/c9-7(11)5-2-1-3-6(4-5)8(10)12;7-5-2-1-3-6(8)4-5/h1-4H;1-4H,7-8H2"
585,PA 9T,NCCCCCCCCCN.ClC(=O)c1ccc(cc1)C(=O)Cl,,,,,394.0,,,,,,,InChI=1S/C9H22N2.C8H4Cl2O2/c10-8-6-4-2-1-3-5-7-9-11;9-7(11)5-1-2-6(4-3-5)8(10)12/h1-11H2;1-4H
586,Poly(butylene sebacate),OC(=O)CCCCCCCCC(=O)O.OCCCCO,,,,,214.0,,,,,,,"InChI=1S/C10H18O4.C4H10O2/c11-9(12)7-5-3-1-2-4-6-8-10(13)14;5-3-1-2-4-6/h1-8H2,(H,11,12)(H,13,14);5-6H,1-4H2"
587,Poly(ethylene sebacate),OC(=O)CCCCCCCCC(=O)O.OCCO,,,,,244.0,449.0,,,,,,"InChI=1S/C10H18O4.C2H6O2/c11-9(12)7-5-3-1-2-4-6-8-10(13)14;3-1-2-4/h1-8H2,(H,11,12)(H,13,14);3-4H,1-2H2"
588,Poly(hexyylene sebacate),OC(=O)CCCCCCCCC(=O)O.OCCCCCCO,,,,,,,,,,,,"InChI=1S/C10H18O4.C6H14O2/c11-9(12)7-5-3-1-2-4-6-8-10(13)14;7-5-3-1-2-4-6-8/h1-8H2,(H,11,12)(H,13,14);7-8H,1-6H2"
592,Poly(2-methoxystyrene),C=Cc1ccccc1OC,122.4,1.1,19.4,46200.0,348.0,,,1.59,,,,"InChI=1S/C9H10O/c1-3-8-6-4-5-7-9(8)10-2/h3-7H,1H2,2H3"
593,Poly(alpha-methylstyrene),CC(=C)c1ccccc1,110.4,1.07,18.4,37200.0,445.0,150.0,16000.0,1.59,,,,"InChI=1S/C9H10/c1-8(2)9-6-4-3-5-7-9/h3-7H,1H2,2H3"
594,Poly(2-methylstyrene),C=Cc1ccccc1C,114.9,1.03,18.8,40700.0,409.0,,,1.58,,,,"InChI=1S/C9H10/c1-3-9-7-5-4-6-8(9)2/h3-7H,1H2,2H3"
595,Poly(3-methylstyrene),C=Cc1cccc(c1)C,115.0,1.03,18.8,40800.0,370.0,,,,,,,"InChI=1S/C9H10/c1-3-9-6-4-5-8(2)7-9/h3-7H,1H2,2H3"
596,Poly(4-methylstyrene),C=Cc1ccc(cc1)C,115.1,1.03,18.8,40800.0,380.0,150.0,25000.0,1.58,,,,"InChI=1S/C9H10/c1-3-9-6-4-8(2)5-7-9/h3-7H,1H2,2H3"
597,Polystyrene,C=Cc1ccccc1,99.2,1.05,18.3,33300.0,373.0,126.0,16500.0,1.59,,,,"InChI=1S/C8H8/c1-2-8-6-4-3-5-7-8/h2-7H,1H2"
598,Poly(4-tert-butylstyrene),C=Cc1ccc(cc1)C(C)(C)C,168.7,0.95,16.6,46500.0,402.0,,22000.0,,,,,"InChI=1S/C12H16/c1-5-10-6-8-11(9-7-10)12(2,3)4/h5-9H,1H2,2-4H3"
599,Poly(butylene sebacate),OC(=O)CCC(=O)O.OCCCCO,,,,,237.0,,,,,,,"InChI=1S/C4H6O4.C4H10O2/c5-3(6)1-2-4(7)8;5-3-1-2-4-6/h1-2H2,(H,5,6)(H,7,8);5-6H,1-4H2"
600,Poly(ethylene succinate),OC(=O)CCC(=O)O.OCCO,,,,,267.0,,,1.47,,,,"InChI=1S/C4H6O4.C2H6O2/c5-3(6)1-2-4(7)8;3-1-2-4/h1-2H2,(H,5,6)(H,7,8);3-4H,1-2H2"
601,Poly(hexylene succinate),OC(=O)CCC(=O)O.OCCCCCCO,,,,,220.0,,,,,,,"InChI=1S/C6H14O2.C4H6O4/c7-5-3-1-2-4-6-8;5-3(6)1-2-4(7)8/h7-8H,1-6H2;1-2H2,(H,5,6)(H,7,8)"
602,Poly(propylene sebacate),OC(=O)CCC(=O)O.OCCCO,,,,,,,,,,,,"InChI=1S/C4H6O4.C3H8O2/c5-3(6)1-2-4(7)8;4-2-1-3-5/h1-2H2,(H,5,6)(H,7,8);4-5H,1-3H2"
603,Poly(ether ether sulfone),Oc1ccc(cc1)O.Clc1ccc(cc1)S(=O)(=O)c1ccc(cc1)Cl,,,,,479.0,,,,,,,"InChI=1S/C12H8Cl2O2S.C6H6O2/c13-9-1-5-11(6-2-9)17(15,16)12-7-3-10(14)4-8-12;7-5-1-2-6(8)4-3-5/h1-8H;1-4,7-8H"
604,Poly(ethersulfone),Clc1ccc(cc1)S(=O)(=O)c1ccc(cc1)Cl.Oc1ccc(cc1)S(=O)(=O)c1ccc(cc1)O,169.3,1.37,23.0,89800.0,489.0,,,1.55,,,,"InChI=1S/C12H8Cl2O2S.C12H10O4S/c2*13-9-1-5-11(6-2-9)17(15,16)12-7-3-10(14)4-8-12/h1-8H;1-8,13-14H"
605,Poly(phenylsulfone),Oc1ccc(cc1)c1ccc(cc1)O.Clc1ccc(cc1)S(=O)(=O)c1ccc(cc1)Cl,310.4,1.29,,,482.0,,1600.0,1.67,,,,"InChI=1S/C12H8Cl2O2S.C12H10O2/c13-9-1-5-11(6-2-9)17(15,16)12-7-3-10(14)4-8-12;13-11-5-1-9(2-6-11)10-3-7-12(14)8-4-10/h1-8H;1-8,13-14H"
606,Bisphenol A Polysulfone,CC(c1ccc(cc1)O)(c1ccc(cc1)O)C.Clc1ccc(cc1)S(=O)(=O)c1ccc(cc1)Cl,358.2,1.24,21.2,160500.0,459.0,,2300.0,1.64,,,,"InChI=1S/C15H16O2.C12H8Cl2O2S/c1-15(2,11-3-7-13(16)8-4-11)12-5-9-14(17)10-6-12;13-9-1-5-11(6-2-9)17(15,16)12-7-3-10(14)4-8-12/h3-10,16-17H,1-2H3;1-8H"
607,Nylon 3,C1CNC1=O,,,,,384.0,,,,,,,"InChI=1S/C3H5NO/c5-3-1-2-4-3/h1-2H2,(H,4,5)"
608,Nylon 6,O=C1CCCCCN1,104.4,1.08,25.5,67600.0,324.0,166.0,2500.0,1.53,,,,"InChI=1S/C6H11NO/c8-6-4-2-1-3-5-7-6/h1-5H2,(H,7,8)"
609,Nylon 8,O=C1CCCCCCCN1,135.9,1.04,24.5,82700.0,324.0,,,,,,,"InChI=1S/C8H15NO/c10-8-6-4-2-1-3-5-7-9-8/h1-7H2,(H,9,10)"
610,Nylon 12,NCCCCCCCCCC(=O)O,,,,,315.0,,,,,,,"InChI=1S/C10H21NO2/c11-9-7-5-3-1-2-4-6-8-10(12)13/h1-9,11H2,(H,12,13)"
611,Nylon 11,NCCCCCCCCCCC(=O)O,180.1,1.02,,,,,,,,,,"InChI=1S/C11H23NO2/c12-10-8-6-4-2-1-3-5-7-9-11(13)14/h1-10,12H2,(H,13,14)"
612,Nylon 12,NCCCCCCCCCCCC(=O)O,197.3,1.0,,,313.0,,,1.53,,,,"InChI=1S/C12H25NO2/c13-11-9-7-5-3-1-2-4-6-8-10-12(14)15/h1-11,13H2,(H,14,15)"
613,Nylon 6-6,NCCCCCCN.OC(=O)CCCCC(=O)O,209.9,1.08,26.0,143100.0,324.0,328.0,2000.0,1.53,,,,"InChI=1S/C6H16N2.C6H10O4/c7-5-3-1-2-4-6-8;7-5(8)3-1-2-4-6(9)10/h1-8H2;1-4H2,(H,7,8)(H,9,10)"
614,Nylon 6-9,OC(=O)CCCCCCCC(=O)O.NCCCCCCN,249.0,1.08,,,332.0,,,,,,,"InChI=1S/C9H16O4.C6H16N2/c10-8(11)6-4-2-1-3-5-7-9(12)13;7-5-3-1-2-4-6-8/h1-7H2,(H,10,11)(H,12,13);1-8H2"
615,Nylon 6-10,OC(=O)CCCCCCCCC(=O)O.NCCCCCCN,271.5,1.04,,,323.0,448.5,,1.54,,,,"InChI=1S/C10H18O4.C6H16N2/c11-9(12)7-5-3-1-2-4-6-8-10(13)14;7-5-3-1-2-4-6-8/h1-8H2,(H,11,12)(H,13,14);1-8H2"
616,Nylon 6-12,NCCCCCCN.OC(=O)CCCCCCCCCCC(=O)O,292.9,1.06,,,319.0,482.0,,1.53,,,,"InChI=1S/C12H22O4.C6H16N2/c13-11(14)9-7-5-3-1-2-4-6-8-10-12(15)16;7-5-3-1-2-4-6-8/h1-10H2,(H,13,14)(H,15,16);1-8H2"
617,Nylon 10-10,OC(=O)CCCCCCCCC(=O)O.NCCCCCCCCCCN,329.0,1.03,,,323.0,,,,,,,"InChI=1S/C10H24N2.C10H18O4/c11-9-7-5-3-1-2-4-6-8-10-12;11-9(12)7-5-3-1-2-4-6-8-10(13)14/h1-12H2;1-8H2,(H,11,12)(H,13,14)"
618,PA 6T,NCCCCCCN.ClC(=O)c1ccc(cc1)C(=O)Cl,,,,,412.0,,,1.58,,,,InChI=1S/C8H4Cl2O2.C6H16N2/c9-7(11)5-1-2-6(4-3-5)8(10)12;7-5-3-1-2-4-6-8/h1-4H;1-8H2
619,Kevlar,Nc1ccc(cc1)N.ClC(=O)c1ccc(cc1)C(=O)Cl,,,26.0,127700.0,600.0,,,,,,,"InChI=1S/C8H4Cl2O2.C6H8N2/c9-7(11)5-1-2-6(4-3-5)8(10)12;7-5-1-2-6(8)4-3-5/h1-4H;1-4H,7-8H2"
620,Poly(m-phenylene terephthalamide),Nc1cc(ccc1)N.ClC(=O)c1cc(ccc1)C(=O)Cl,175.9,1.36,,,537.0,,,,,,,"InChI=1S/C8H4Cl2O2.C6H8N2/c9-7(11)5-2-1-3-6(4-5)8(10)12;7-5-2-1-3-6(8)4-5/h1-4H;1-4H,7-8H2"
621,PA 9T,NCCCCCCCCCN.ClC(=O)c1ccc(cc1)C(=O)Cl,,,,,394.0,,,,,,,InChI=1S/C9H22N2.C8H4Cl2O2/c10-8-6-4-2-1-3-5-7-9-11;9-7(11)5-1-2-6(4-3-5)8(10)12/h1-11H2;1-4H
622,Poly(Bisphenol A terephthalate),OC(=O)c1ccc(cc1)C(=O)O.Oc1ccc(cc1)C(C)(C)c2ccc(cc2)O,,,,,472.0,,1395.0,,,,,"InChI=1S/C15H16O2.C8H6O4/c1-15(2,11-3-7-13(16)8-4-11)12-5-9-14(17)10-6-12;9-7(10)5-1-2-6(4-3-5)8(11)12/h3-10,16-17H,1-2H3;1-4H,(H,9,10)(H,11,12)"
623,Poly[(tetramethylene terephthalate),OC(=O)c1ccc(cc1)C(=O)O.OCCCCO,175.5,1.26,22.4,87700.0,313.0,268.0,,,,,,"InChI=1S/C8H6O4.C4H10O2/c9-7(10)5-1-2-6(4-3-5)8(11)12;5-3-1-2-4-6/h1-4H,(H,9,10)(H,11,12);5-6H,1-4H2"
624,PCT,OC(=O)c1ccc(cc1)C(=O)O.OCC1CCC(CC1)CO,229.5,1.2,,,364.0,,,,,,,"InChI=1S/C8H6O4.C8H16O2/c9-7(10)5-1-2-6(4-3-5)8(11)12;9-5-7-1-2-8(6-10)4-3-7/h1-4H,(H,9,10)(H,11,12);7-10H,1-6H2"
625,Poly(ethylene terephthalate),OC(=O)c1ccc(cc1)C(=O)O.OCCO,144.0,1.34,21.2,64800.0,344.0,219.0,1700.0,1.58,,,,"InChI=1S/C8H6O4.C2H6O2/c9-7(10)5-1-2-6(4-3-5)8(11)12;3-1-2-4/h1-4H,(H,9,10)(H,11,12);3-4H,1-2H2"
626,Poly(trimethylene terephthalate),OC(=O)c1ccc(cc1)C(=O)O.OCCCO,153.9,1.34,,,327.0,,,,,,,"InChI=1S/C8H6O4.C3H8O2/c9-7(10)5-1-2-6(4-3-5)8(11)12;4-2-1-3-5/h1-4H,(H,9,10)(H,11,12);4-5H,1-3H2"
627,"Poly(1,4-phenylene sulfide)",Clc1ccc(cc1)Cl.[Na]S[Na],80.1,1.33,,,363.0,110.0,,,,,,InChI=1S/C6H4Cl2.2Na.S/c7-5-1-2-6(8)4-3-5;;;/h1-4H;;;
628,Poly(ethylene sulfide),ClCCCl.[Na]S[Na],46.4,1.3,18.9,16700.0,223.0,,,,,,,InChI=1S/C2H4Cl2.2Na.S/c3-1-2-4;;;/h1-2H2;;;
629,Poly(propylene sulfide),ClCC(C)Cl.[Na]S[Na],68.2,1.08,17.9,21900.0,227.0,,,1.6,,,,"InChI=1S/C3H6Cl2.2Na.S/c1-3(5)2-4;;;/h3H,2H2,1H3;;;"
630,PEG 100 - HMDI Urethane,OCCOCCO.O=C=NCCCCCCN=C=O,218.0,1.26,,,281.0,,,,,,,"InChI=1S/C8H12N2O2.C4H10O3/c11-7-9-5-3-1-2-4-6-10-8-12;5-1-3-7-4-2-6/h1-6H2;5-6H,1-4H2"
631,PEG 200 - HMDI Urethane,OCCOCCOCCOCCO.O=C=NCCCCCCN=C=O,298.0,1.22,,,,,,,,,,"InChI=1S/C8H12N2O2.C8H18O5/c11-7-9-5-3-1-2-4-6-10-8-12;9-1-3-11-5-7-13-8-6-12-4-2-10/h1-6H2;9-10H,1-8H2"
632,Butanediol-alt-Diphenylmethane Diisocyanate,OCCCCO.O=C=Nc1ccc(cc1)Cc1ccc(cc1)N=C=O,262.4,1.3,,,363.0,,,,,,,"InChI=1S/C15H10N2O2.C4H10O2/c18-10-16-14-5-1-12(2-6-14)9-13-3-7-15(8-4-13)17-11-19;5-3-1-2-4-6/h1-8H,9H2;5-6H,1-4H2"
633,CROW,OCCO.O=C=Nc1ccc(cc1)Cc1ccc(cc1)N=C=O,,,21.0,107500.0,412.0,,,,,,,"InChI=1S/C15H10N2O2.C2H6O2/c18-10-16-14-5-1-12(2-6-14)9-13-3-7-15(8-4-13)17-11-19;3-1-2-4/h1-8H,9H2;3-4H,1-2H2"
635,Poly(vinyl alcohol),C(OC(=O)C)C,34.4,1.29,30.5,32500.0,353.0,62.0,,1.53,,,,"InChI=1S/C4H8O2/c1-3-6-4(2)5/h3H2,1-2H3"
636,Poly(4-hydroxystyrene),C=Cc1ccc(cc1)O,103.6,1.16,23.6,57400.0,,,,,,,,"InChI=1S/C8H8O/c1-2-7-3-5-8(9)6-4-7/h2-6,9H,1H2"
637, Poly(vinyl butyral),CC(O).O=CCCC,127.0,1.11,19.0,54700.0,344.0,,,1.485,,141.21,,"InChI=1S/C4H8O.C2H6O/c1-2-3-4-5;1-2-3/h4H,2-3H2,1H3;3H,2H2,1H3"
638, Poly(vinyl butyral),CC(O).O=C,79.8,1.24,,,325.0,,,1.49,,99.12,,"InChI=1S/C2H6O.CH2O/c1-2-3;1-2/h3H,2H2,1H3;1H2"
639,Poly(vinyl alcohol),C(OC(=O)C)C,34.4,1.29,30.5,32500.0,353.0,62.0,,1.53,,,,"InChI=1S/C4H8O2/c1-3-6-4(2)5/h3H2,1-2H3"
640,Poly(4-hydroxystyrene),C=Cc1ccc(cc1)O,103.6,1.16,23.6,57400.0,,,,,,,,"InChI=1S/C8H8O/c1-2-7-3-5-8(9)6-4-7/h2-6,9H,1H2"
641, Poly(vinyl butyral),CC(O).O=CCCC,127.0,1.11,19.0,54700.0,344.0,,,1.485,,141.21,,"InChI=1S/C4H8O.C2H6O/c1-2-3-4-5;1-2-3/h4H,2-3H2,1H3;3H,2H2,1H3"
642, Poly(vinyl butyral),CC(O).O=C,79.8,1.24,,,325.0,,,1.49,,99.12,,"InChI=1S/C2H6O.CH2O/c1-2-3;1-2/h3H,2H2,1H3;1H2"
643,Poly(vinyl acetate),CC(=O)OC=C,72.3,1.19,19.6,27600.0,307.0,,10300.0,1.48,,,,"InChI=1S/C4H6O2/c1-3-6-4(2)5/h3H,1H2,2H3"
644,Poly(vinyl benzoate),C=COC(=O)c1ccccc1,,,,,344.0,164.2,,1.58,,,,"InChI=1S/C9H8O2/c1-2-11-9(10)8-6-4-3-5-7-8/h2-7H,1H2"
645,Poly(vinyl butyrate),CCCC(=O)OC=C,104.5,1.09,18.6,35900.0,,,,,,,,"InChI=1S/C6H10O2/c1-3-5-6(7)8-4-2/h4H,2-3,5H2,1H3"
646,Poly(vinyl caproate),CCCCCC(=O)OC=C,,,,,,,,,,,,"InChI=1S/C8H14O2/c1-3-5-6-7-8(9)10-4-2/h4H,2-3,5-7H2,1H3"
647,Poly(vinyl formate),C=COC=O,53.4,1.35,,,307.0,,,1.48,,,,"InChI=1S/C3H4O2/c1-2-5-3-4/h2-3H,1H2"
648,Poly(vinyl propionate),C=COC(=O)CC,89.6,1.12,18.6,31100.0,283.0,,,1.47,,,,"InChI=1S/C5H8O2/c1-3-5(6)7-4-2/h4H,2-3H2,1H3"
649,Poly(vinyl stearate),CCCCCCCCCCCCCCCCCC(=O)OC=C,,,,,318.0,,,,,,,"InChI=1S/C20H38O2/c1-3-5-6-7-8-9-10-11-12-13-14-15-16-17-18-19-20(21)22-4-2/h4H,2-3,5-19H2,1H3"
650,Poly(vinyl valerate),CCCCC(=O)OC=C,,,,,,,,,,,,"InChI=1S/C7H12O2/c1-3-5-6-7(8)9-4-2/h4H,2-3,5-6H2,1H3"
651,Poly(butyl vinyl ether),CCCCOC=C,109.0,0.92,18.2,36100.0,220.0,,,1.46,,,,"InChI=1S/C6H12O/c1-3-5-6-7-4-2/h4H,2-3,5-6H2,1H3"
652,Poly(ethyl vinyl ether),CCOC=C,74.1,0.97,18.1,24300.0,234.0,,,1.46,,,,"InChI=1S/C4H8O/c1-3-5-4-2/h3H,1,4H2,2H3"
653,Poly(hexyl vinyl ether),CCCCCCOC=C,,,,,198.0,,,1.46,,,,"InChI=1S/C8H16O/c1-3-5-6-7-8-9-4-2/h4H,2-3,5-8H2,1H3"
654,Poly(vinyl isobutyl ether),C=COCC(C)C,109.4,0.92,17.9,35100.0,255.0,,,1.45,,,,"InChI=1S/C6H12O/c1-4-7-5-6(2)3/h4,6H,1,5H2,2-3H3"
655,Poly(isopropyl vinyl ether),C=COC(C)C,93.2,0.92,17.9,29900.0,270.0,,,,,,,"InChI=1S/C5H10O/c1-4-6-5(2)3/h4-5H,1H2,2-3H3"
656,Poly(methyl vinyl ether),COC=C,55.6,1.05,18.3,18600.0,245.0,113.0,5800.0,1.46,,,,"InChI=1S/C3H6O/c1-3-4-2/h3H,1H2,2H3"
657,Poly(octyl vinyl ether),CCCCCCCCOC=C,,,,,193.0,,,1.46,,,,"InChI=1S/C10H20O/c1-3-5-6-7-8-9-10-11-4-2/h4H,2-3,5-10H2,1H3"
658,Poly(propyl vinyl ether),CCCOC=C,87.8,0.94,18.1,28600.0,224.0,,,,,,,"InChI=1S/C5H10O/c1-3-5-6-4-2/h4H,2-3,5H2,1H3"
659, Poly(vinyl butyral),CC(O).O=CCCC,127.0,1.11,19.0,54700.0,344.0,,,1.485,,141.21,,"InChI=1S/C4H8O.C2H6O/c1-2-3-4-5;1-2-3/h4H,2-3H2,1H3;3H,2H2,1H3"
660, Poly(vinyl butyral),CC(O).O=C,79.8,1.24,,,325.0,,,1.49,,99.12,,"InChI=1S/C2H6O.CH2O/c1-2-3;1-2/h3H,2H2,1H3;1H2"
661,Poly(vinyl alcohol),C(OC(=O)C)C,34.4,1.29,30.5,32500.0,353.0,62.0,,1.53,,,,"InChI=1S/C4H8O2/c1-3-6-4(2)5/h3H2,1-2H3"
662,Poly(4-hydroxystyrene),C=Cc1ccc(cc1)O,103.6,1.16,23.6,57400.0,,,,,,,,"InChI=1S/C8H8O/c1-2-7-3-5-8(9)6-4-7/h2-6,9H,1H2"
663, Poly(vinyl butyral),CC(O).O=CCCC,127.0,1.11,19.0,54700.0,344.0,,,1.485,,141.21,,"InChI=1S/C4H8O.C2H6O/c1-2-3-4-5;1-2-3/h4H,2-3H2,1H3;3H,2H2,1H3"
664, Poly(vinyl butyral),CC(O).O=C,79.8,1.24,,,325.0,,,1.49,,99.12,,"InChI=1S/C2H6O.CH2O/c1-2-3;1-2/h3H,2H2,1H3;1H2"
665,Polychlorotrifluoroethylene,FC(=C(F)F)Cl,58.3,2.0,16.0,15500.0,360.0,101.1,,1.42,,,,InChI=1S/C2ClF3/c3-1(4)2(5)6
666,Poly(tetrafluoroethylene),FC(=C(F)F)F,47.9,2.12,12.3,7500.0,,,4650.0,1.36,,,,InChI=1S/C2F4/c3-1(4)2(5)6
667,Poly(vinyl bromide),BrC=C,50.2,2.13,19.4,18800.0,373.0,,,,,,,"InChI=1S/C2H3Br/c1-2-3/h2H,1H2"
668,Poly(vinyl chloride),ClC=C,45.2,1.38,19.6,17300.0,,62.0,5400.0,1.53,,,,"InChI=1S/C2H3Cl/c1-2-3/h2H,1H2"
669,Poly(vinyl fluoride),FC=C,34.4,1.34,15.7,8500.0,,,,1.46,,,,"InChI=1S/C2H3F/c1-2-3/h2H,1H2"
670,Poly(vinylidene chloride),ClC(=C)Cl,56.6,1.71,20.6,24600.0,,130.0,,1.62,,,,InChI=1S/C2H2Cl2/c1-2(3)4/h1H2
671,Poly(vinylidene fluoride),FC(=C)F,38.2,1.68,17.5,11800.0,242.0,83.0,2400.0,1.43,,,,InChI=1S/C2H2F2/c1-2(3)4/h1H2
672,Poly(vinyl ethyl ketone),CCC(=O)C=C,81.8,1.03,20.2,33500.0,213.0,,,,,,,"InChI=1S/C5H8O/c1-3-5(6)4-2/h3H,1,4H2,2H3"
673,Poly(vinyl methyl ketone),CC(=O)C=C,62.6,1.12,20.7,26900.0,301.0,,,1.5,,,,"InChI=1S/C4H6O/c1-3-4(2)5/h3H,1H2,2H3"
674,Poly(methyl isopropenyl ketone),CC(=O)C(C)=C,74.1,1.14,,,370.0,,,1.52,,,,"InChI=1S/C5H8O/c1-4(2)5(3)6/h1H2,2-3H3"
675,Poly(vinyl phenyl ketone),C=CC(=O)c1ccccc1,,,,,323.0,,,,,,,"InChI=1S/C9H8O/c1-2-9(10)8-6-4-3-5-7-8/h2-7H,1H2"
677,Poly(vinyl ethyl ketone),CCC(=O)C=C,81.8,1.03,20.2,33500.0,213.0,,,,,,,"InChI=1S/C5H8O/c1-3-5(6)4-2/h3H,1,4H2,2H3"
678,Poly(vinyl methyl ketone),CC(=O)C=C,62.6,1.12,20.7,26900.0,301.0,,,1.5,,,,"InChI=1S/C4H6O/c1-3-4(2)5/h3H,1H2,2H3"
679,Poly(methyl isopropenyl ketone),CC(=O)C(C)=C,74.1,1.14,,,370.0,,,1.52,,,,"InChI=1S/C5H8O/c1-4(2)5(3)6/h1H2,2-3H3"
680,Poly(vinyl phenyl ketone),C=CC(=O)c1ccccc1,,,,,323.0,,,,,,,"InChI=1S/C9H8O/c1-2-9(10)8-6-4-3-5-7-8/h2-7H,1H2"
682,Poly(butyl vinyl thioether),CCCCSC=C,118.6,0.98,,,253.0,,,,,,,"InChI=1S/C6H12S/c1-3-5-6-7-4-2/h4H,2-3,5-6H2,1H3"
683,Poly(ethyl vinyl thioether),CCSC=C,,,22.1,40200.0,266.0,,,,,,,"InChI=1S/C4H8S/c1-3-5-4-2/h3H,1,4H2,2H3"
684,Poly(methyl vinyl thioether),CSC=C,66.8,1.11,19.1,24400.0,272.0,,,,,,,"InChI=1S/C3H6S/c1-3-4-2/h3H,1H2,2H3"
685,Poly(vinyl phenyl sulfide),C=CSc1ccccc1,118.2,1.15,19.3,44000.0,386.0,,,1.66,,,,"InChI=1S/C8H8S/c1-2-9-8-6-4-3-5-7-8/h2-7H,1H2"
686,Poly(propyl vinyl thioether),CCCSC=C,,,,,,,,,,,,"InChI=1S/C5H10S/c1-3-5-6-4-2/h4H,2-3,5H2,1H3"